  0.103928983       8.05998039    
  0.207857966       8.11995125    
  0.311786950       8.17991257    
  0.415715933       8.23986435    
  0.519644916       8.29980659    
  0.623573899       8.35973930    
  0.727502882       8.41966248    
  0.831431866       8.47957611    
  0.935360849       8.53948021    
   1.03928983       8.59937477    
   1.14321876       8.65925980    
   1.24714768       8.71913528    
   1.35107660       8.77900124    
   1.45500553       8.83885765    
   1.55893445       8.89870453    
   1.66286337       8.95854187    
   1.76679230       9.01836967    
   1.87072122       9.07818794    
   1.97465014       9.13799667    
   2.07857895       9.19779587    
   2.18250775       9.25758553    
   2.28643656       9.31736565    
   2.39036536       9.37713623    
   2.49429417       9.43689728    
   2.59822297       9.49664879    
   2.70215178       9.55639076    
   2.80608058       9.61612320    
   2.91000938       9.67584610    
   3.01393819       9.73555946    
   3.11786699       9.79526329    
   3.22179580       9.85495758    
   3.32572460       9.91464233    
   3.42965341       9.97431755    
   3.53358221       10.0339832    
   3.63751101       10.0936394    
   3.74143982       10.1532860    
   3.84536862       10.2129230    
   3.94929743       10.2725506    
   4.05322647       10.3321686    
   4.15715551       10.3917770    
   4.26108456       10.4513760    
   4.36501360       10.5109653    
   4.46894264       10.5705452    
   4.57287169       10.6301155    
   4.67680073       10.6896763    
   4.78072977       10.7492275    
   4.88465881       10.8087692    
   4.98858786       10.8683014    
   5.09251690       10.9278240    
   5.19644594       10.9873371    
   5.30037498       11.0468407    
   5.40430403       11.1063347    
   5.50823307       11.1658192    
   5.61216211       11.2252941    
   5.71609116       11.2847595    
   5.82002020       11.3442154    
   5.92394924       11.4036617    
   6.02787828       11.4630985    
   6.13180733       11.5225258    
   6.23573637       11.5819435    
   6.33966541       11.6413517    
   6.44359446       11.7007504    
   6.54752350       11.7601395    
   6.65145254       11.8195190    
   6.75538158       11.8788891    
   6.85931063       11.9382496    
   6.96323967       11.9976006    
   7.06716871       12.0569420    
   7.17109776       12.1162739    
   7.27502680       12.1755962    
   7.37895584       12.2349091    
   7.48288488       12.2942123    
   7.58681393       12.3535061    
   7.69074297       12.4127903    
   7.79467201       12.4720650    
   7.89860106       12.5313301    
   8.00253010       12.5905857    
   8.10645866       12.6498318    
   8.21038723       12.7090683    
   8.31431580       12.7682953    
   8.41824436       12.8275127    
   8.52217293       12.8867207    
   8.62610149       12.9459190    
   8.73003006       13.0051079    
   8.83395863       13.0642872    
   8.93788719       13.1234570    
   9.04181576       13.1826172    
   9.14574432       13.2417679    
   9.24967289       13.3009090    
   9.35360146       13.3600407    
   9.45753002       13.4191628    
   9.56145859       13.4782753    
   9.66538715       13.5373783    
   9.76931572       13.5964718    
   9.87324429       13.6555557    
   9.97717285       13.7146301    
   10.0811014       13.7736950    
   10.1850300       13.8327503    
   10.2889585       13.8917961    
   10.3928871       13.9508324    
   10.4968157       14.0098591    
   10.6007442       14.0688763    
   10.7046728       14.1278839    
   10.8086014       14.1868820    
   10.9125299       14.2458706    
   11.0164585       14.3048496    
   11.1203871       14.3638191    
   11.2243156       14.4227791    
   11.3282442       14.4817295    
   11.4321728       14.5406704    
   11.5361013       14.5996017    
   11.6400299       14.6585236    
   11.7439585       14.7174358    
   11.8478870       14.7763386    
   11.9518156       14.8352318    
   12.0557442       14.8941154    
   12.1596727       14.9529896    
   12.2636013       15.0118542    
   12.3675299       15.0707092    
   12.4714584       15.1295547    
   12.5753870       15.1883907    
   12.6793156       15.2472172    
   12.7832441       15.3060341    
   12.8871727       15.3648415    
   12.9911013       15.4236393    
   13.0950298       15.4824276    
   13.1989584       15.5412064    
   13.3028870       15.5999756    
   13.4068155       15.6587353    
   13.5107441       15.7174854    
   13.6146727       15.7762260    
   13.7186012       15.8349571    
   13.8225298       15.8936787    
   13.9264584       15.9523907    
   14.0303869       16.0110931    
   14.1343155       16.0697861    
   14.2382441       16.1284695    
   14.3421726       16.1871433    
   14.4461012       16.2458076    
   14.5500298       16.3044624    
   14.6539583       16.3631077    
   14.7578869       16.4217434    
   14.8618155       16.4803696    
   14.9657440       16.5389862    
   15.0696726       16.5975933    
   15.1736012       16.6561909    
   15.2775297       16.7147789    
   15.3814583       16.7733574    
   15.4853868       16.8319263    
   15.5893154       16.8904858    
   15.6932440       16.9490356    
   15.7971725       17.0075760    
   15.9011011       17.0661068    
   16.0050297       17.1246281    
   16.1089592       17.1831398    
   16.2128887       17.2416420    
   16.3168182       17.3001347    
   16.4207478       17.3586178    
   16.5246773       17.4170914    
   16.6286068       17.4755554    
   16.7325363       17.5340099    
   16.8364658       17.5924549    
   16.9403954       17.6508904    
   17.0443249       17.7093163    
   17.1482544       17.7677326    
   17.2521839       17.8261395    
   17.3561134       17.8845367    
   17.4600430       17.9429245    
   17.5639725       18.0013027    
   17.6679020       18.0596714    
   17.7718315       18.1180305    
   17.8757610       18.1763802    
   17.9796906       18.2347202    
   18.0836201       18.2930508    
   18.1875496       18.3513718    
   18.2914791       18.4096832    
   18.3954086       18.4679852    
   18.4993382       18.5262775    
   18.6032677       18.5845604    
   18.7071972       18.6428337    
   18.8111267       18.7010975    
   18.9150562       18.7593517    
   19.0189857       18.8175964    
   19.1229153       18.8758316    
   19.2268448       18.9340572    
   19.3307743       18.9922733    
   19.4347038       19.0504799    
   19.5386333       19.1086769    
   19.6425629       19.1668644    
   19.7464924       19.2250423    
   19.8504219       19.2832108    
   19.9543514       19.3413696    
   20.0582809       19.3995190    
   20.1622105       19.4576588    
   20.2661400       19.5157890    
   20.3700695       19.5739098    
   20.4739990       19.6320210    
   20.5779285       19.6901226    
   20.6818581       19.7482147    
   20.7857876       19.8062973    
   20.8897171       19.8643703    
   20.9936466       19.9224339    
   21.0975761       19.9804878    
   21.2015057       20.0385323    
   21.3054352       20.0965672    
   21.4093647       20.1545925    
   21.5132942       20.2126083    
   21.6172237       20.2706146    
   21.7211533       20.3286114    
   21.8250828       20.3865986    
   21.9290123       20.4445763    
   22.0329418       20.5025444    
   22.1368713       20.5605030    
   22.2408009       20.6184521    
   22.3447304       20.6763916    
   22.4486599       20.7343216    
   22.5525894       20.7922421    
   22.6565189       20.8501530    
   22.7604485       20.9080544    
   22.8643780       20.9659462    
   22.9683075       21.0238285    
   23.0722370       21.0817013    
   23.1761665       21.1395645    
   23.2800961       21.1974182    
   23.3840256       21.2552624    
   23.4879551       21.3130970    
   23.5918846       21.3709221    
   23.6958141       21.4287376    
   23.7997437       21.4865437    
   23.9036732       21.5443401    
   24.0076027       21.6021271    
   24.1115322       21.6599045    
   24.2154617       21.7176723    
   24.3193913       21.7754307    
   24.4233208       21.8331795    
   24.5272503       21.8909187    
   24.6311798       21.9486485    
   24.7351093       22.0063686    
   24.8390388       22.0640793    
   24.9429684       22.1217804    
   25.0468979       22.1794720    
   25.1508274       22.2371540    
   25.2547569       22.2948265    
   25.3586864       22.3524895    
   25.4626160       22.4101429    
   25.5665455       22.4677868    
   25.6704750       22.5254211    
   25.7744045       22.5830460    
   25.8783340       22.6406612    
   25.9822636       22.6982670    
   26.0861931       22.7558632    
   26.1901226       22.8134499    
   26.2940521       22.8710270    
   26.3979816       22.9285946    
   26.5019112       22.9861526    
   26.6058407       23.0437012    
   26.7097702       23.1012402    
   26.8136997       23.1587696    
   26.9176292       23.2162895    
   27.0215588       23.2737999    
   27.1254883       23.3313007    
   27.2294178       23.3887920    
   27.3333473       23.4462738    
   27.4372768       23.5037460    
   27.5412064       23.5612087    
   27.6451359       23.6186619    
   27.7490654       23.6761055    
   27.8529949       23.7335396    
   27.9569244       23.7909641    
   28.0608540       23.8483791    
   28.1647835       23.9057846    
   28.2687130       23.9631805    
   28.3726425       24.0205669    
   28.4765720       24.0779438    
   28.5805016       24.1353111    
   28.6844311       24.1926689    
   28.7883606       24.2500172    
   28.8922901       24.3073559    
   28.9962196       24.3646851    
   29.1001492       24.4220047    
   29.2040787       24.4793148    
   29.3080082       24.5366154    
   29.4119377       24.5939064    
   29.5158672       24.6511879    
   29.6197968       24.7084599    
   29.7237263       24.7657223    
   29.8276558       24.8229752    
   29.9315853       24.8802185    
   30.0355148       24.9374523    
   30.1394444       24.9946766    
   30.2433739       25.0518913    
   30.3473034       25.1090965    
   30.4512329       25.1662922    
   30.5551624       25.2234783    
   30.6590919       25.2806549    
   30.7630215       25.3378220    
   30.8669510       25.3949795    
   30.9708805       25.4521275    
   31.0748100       25.5092659    
   31.1787395       25.5663948    
   31.2826691       25.6235142    
   31.3865986       25.6806240    
   31.4905281       25.7377243    
   31.5944576       25.7948151    
   31.6983871       25.8518963    
   31.8023167       25.9089680    
   31.9062462       25.9660301    
   32.0101776       26.0230827    
   32.1141090       26.0801258    
   32.2180405       26.1371593    
   32.3219719       26.1941833    
   32.4259033       26.2511978    
   32.5298347       26.3082027    
   32.6337662       26.3651981    
   32.7376976       26.4221840    
   32.8416290       26.4791603    
   32.9455605       26.5361271    
   33.0494919       26.5930843    
   33.1534233       26.6500320    
   33.2573547       26.7069702    
   33.3612862       26.7638988    
   33.4652176       26.8208179    
   33.5691490       26.8777275    
   33.6730804       26.9346275    
   33.7770119       26.9915180    
   33.8809433       27.0483990    
   33.9848747       27.1052704    
   34.0888062       27.1621323    
   34.1927376       27.2189846    
   34.2966690       27.2758274    
   34.4006004       27.3326607    
   34.5045319       27.3894844    
   34.6084633       27.4462986    
   34.7123947       27.5031033    
   34.8163261       27.5598984    
   34.9202576       27.6166840    
   35.0241890       27.6734600    
   35.1281204       27.7302265    
   35.2320518       27.7869835    
   35.3359833       27.8437309    
   35.4399147       27.9004688    
   35.5438461       27.9571972    
   35.6477776       28.0139160    
   35.7517090       28.0706253    
   35.8556404       28.1273251    
   35.9595718       28.1840153    
   36.0635033       28.2406960    
   36.1674347       28.2973671    
   36.2713661       28.3540287    
   36.3752975       28.4106808    
   36.4792290       28.4673233    
   36.5831604       28.5239563    
   36.6870918       28.5805798    
   36.7910233       28.6371937    
   36.8949547       28.6937981    
   36.9988861       28.7503929    
   37.1028175       28.8069782    
   37.2067490       28.8635540    
   37.3106804       28.9201202    
   37.4146118       28.9766769    
   37.5185432       29.0332241    
   37.6224747       29.0897617    
   37.7264061       29.1462898    
   37.8303375       29.2028084    
   37.9342690       29.2593174    
   38.0382004       29.3158169    
   38.1421318       29.3723068    
   38.2460632       29.4287872    
   38.3499947       29.4852581    
   38.4539261       29.5417194    
   38.5578575       29.5981712    
   38.6617889       29.6546135    
   38.7657204       29.7110462    
   38.8696518       29.7674694    
   38.9735832       29.8238831    
   39.0775146       29.8802872    
   39.1814461       29.9366817    
   39.2853775       29.9930668    
   39.3893089       30.0494423    
   39.4932404       30.1058083    
   39.5971718       30.1621647    
   39.7011032       30.2185116    
   39.8050346       30.2748489    
   39.9089661       30.3311768    
   40.0128975       30.3874950    
   40.1168289       30.4438038    
   40.2207603       30.5001030    
   40.3246918       30.5563927    
   40.4286232       30.6126728    
   40.5325546       30.6689434    
   40.6364861       30.7252045    
   40.7404175       30.7814560    
   40.8443489       30.8376980    
   40.9482803       30.8939304    
   41.0522118       30.9501534    
   41.1561432       31.0063667    
   41.2600746       31.0625706    
   41.3640060       31.1187649    
   41.4679375       31.1749496    
   41.5718689       31.2311249    
   41.6758003       31.2872906    
   41.7797318       31.3434467    
   41.8836632       31.3995934    
   41.9875946       31.4557304    
   42.0915260       31.5118580    
   42.1954575       31.5679760    
   42.2993889       31.6240845    
   42.4033203       31.6801834    
   42.5072517       31.7362728    
   42.6111832       31.7923527    
   42.7151146       31.8484230    
   42.8190460       31.9044838    
   42.9229774       31.9605350    
   43.0269089       32.0165749    
   43.1308403       32.0726051    
   43.2347717       32.1286240    
   43.3387032       32.1846313    
   43.4426346       32.2406273    
   43.5465660       32.2966118    
   43.6504974       32.3525848    
   43.7544289       32.4085464    
   43.8583603       32.4644966    
   43.9622917       32.5204353    
   44.0662231       32.5763626    
   44.1701546       32.6322784    
   44.2740860       32.6881828    
   44.3780174       32.7440758    
   44.4819489       32.7999573    
   44.5858803       32.8558273    
   44.6898117       32.9116859    
   44.7937431       32.9675331    
   44.8976746       33.0233688    
   45.0016060       33.0791931    
   45.1055374       33.1350060    
   45.2094688       33.1908073    
   45.3134003       33.2465973    
   45.4173317       33.3023758    
   45.5212631       33.3581429    
   45.6251945       33.4138985    
   45.7291260       33.4696426    
   45.8330574       33.5253754    
   45.9369888       33.5810966    
   46.0409203       33.6368065    
   46.1448517       33.6925049    
   46.2487831       33.7481918    
   46.3527145       33.8038673    
   46.4566460       33.8595314    
   46.5605774       33.9151840    
   46.6645088       33.9708252    
   46.7684402       34.0264549    
   46.8723717       34.0820732    
   46.9763031       34.1376801    
   47.0802345       34.1932755    
   47.1841660       34.2488594    
   47.2880974       34.3044319    
   47.3920288       34.3599930    
   47.4959602       34.4155426    
   47.5998917       34.4710808    
   47.7038231       34.5266075    
   47.8077545       34.5821228    
   47.9116859       34.6376266    
   48.0156174       34.6931190    
   48.1195488       34.7486000    
   48.2234802       34.8040695    
   48.3274117       34.8595276    
   48.4313431       34.9149742    
   48.5352745       34.9704094    
   48.6392059       35.0258331    
   48.7431374       35.0812454    
   48.8470688       35.1366463    
   48.9510002       35.1920357    
   49.0549316       35.2474136    
   49.1588631       35.3027802    
   49.2627945       35.3581352    
   49.3667259       35.4134789    
   49.4706573       35.4688110    
   49.5745888       35.5241318    
   49.6785202       35.5794411    
   49.7824516       35.6347389    
   49.8863831       35.6900253    
   49.9903145       35.7453003    
   50.0942459       35.8005638    
   50.1981773       35.8558159    
   50.3021088       35.9110565    
   50.4060402       35.9662857    
   50.5099716       36.0215034    
   50.6139030       36.0767097    
   50.7178345       36.1319046    
   50.8217659       36.1870880    
   50.9256973       36.2422600    
   51.0296288       36.2974205    
   51.1335602       36.3525696    
   51.2374916       36.4077072    
   51.3414230       36.4628334    
   51.4453545       36.5179482    
   51.5492859       36.5730515    
   51.6532173       36.6281433    
   51.7571487       36.6832237    
   51.8610802       36.7382927    
   51.9650116       36.7933502    
   52.0689430       36.8483963    
   52.1728745       36.9034309    
   52.2768059       36.9584541    
   52.3807373       37.0134659    
   52.4846687       37.0684662    
   52.5886002       37.1234550    
   52.6925316       37.1784325    
   52.7964630       37.2333984    
   52.9003944       37.2883530    
   53.0043259       37.3432961    
   53.1082573       37.3982277    
   53.2121887       37.4531479    
   53.3161201       37.5080566    
   53.4200516       37.5629539    
   53.5239830       37.6178398    
   53.6279144       37.6727142    
   53.7318459       37.7275772    
   53.8357773       37.7824287    
   53.9397087       37.8372688    
   54.0436401       37.8920975    
   54.1475716       37.9469147    
   54.2515030       38.0017204    
   54.3554344       38.0565147    
   54.4593658       38.1112976    
   54.5632973       38.1660690    
   54.6672287       38.2208290    
   54.7711601       38.2755775    
   54.8750916       38.3303146    
   54.9790230       38.3850403    
   55.0829544       38.4397545    
   55.1868858       38.4944572    
   55.2908173       38.5491486    
   55.3947487       38.6038284    
   55.4986801       38.6584969    
   55.6026115       38.7131538    
   55.7065430       38.7677994    
   55.8104744       38.8224335    
   55.9144058       38.8770561    
   56.0183372       38.9316673    
   56.1222687       38.9862671    
   56.2262001       39.0408554    
   56.3301315       39.0954323    
   56.4340630       39.1499977    
   56.5379944       39.2045517    
   56.6419258       39.2590942    
   56.7458572       39.3136253    
   56.8497887       39.3681450    
   56.9537201       39.4226532    
   57.0576515       39.4771500    
   57.1615829       39.5316353    
   57.2655144       39.5861092    
   57.3694458       39.6405716    
   57.4733772       39.6950226    
   57.5773087       39.7494621    
   57.6812401       39.8038902    
   57.7851715       39.8583069    
   57.8891029       39.9127121    
   57.9930344       39.9671059    
   58.0969658       40.0214882    
   58.2008972       40.0758591    
   58.3048286       40.1302185    
   58.4087601       40.1845665    
   58.5126915       40.2389030    
   58.6166229       40.2932281    
   58.7205544       40.3475418    
   58.8244858       40.4018440    
   58.9284172       40.4561348    
   59.0323486       40.5104141    
   59.1362801       40.5646820    
   59.2402115       40.6189384    
   59.3441429       40.6731834    
   59.4480743       40.7274170    
   59.5520058       40.7816391    
   59.6559372       40.8358498    
   59.7598686       40.8900490    
   59.8638000       40.9442368    
   59.9677315       40.9984131    
   60.0716629       41.0525780    
   60.1755943       41.1067314    
   60.2795258       41.1608734    
   60.3834572       41.2150040    
   60.4873886       41.2691231    
   60.5913200       41.3232307    
   60.6952515       41.3773270    
   60.7991829       41.4314117    
   60.9031143       41.4854851    
   61.0070457       41.5395470    
   61.1109772       41.5935974    
   61.2149086       41.6476364    
   61.3188400       41.7016640    
   61.4227715       41.7556801    
   61.5267029       41.8096848    
   61.6306343       41.8636780    
   61.7345657       41.9176598    
   61.8384972       41.9716301    
   61.9424286       42.0255890    
   62.0463600       42.0795364    
   62.1502914       42.1334724    
   62.2542229       42.1873970    
   62.3581543       42.2413101    
   62.4620857       42.2952118    
   62.5660172       42.3491020    
   62.6699486       42.4029808    
   62.7738800       42.4568481    
   62.8778114       42.5107040    
   62.9817429       42.5645485    
   63.0856743       42.6183815    
   63.1896057       42.6722031    
   63.2935371       42.7260132    
   63.3974686       42.7798119    
   63.5014000       42.8335991    
   63.6053314       42.8873749    
   63.7092628       42.9411392    
   63.8131943       42.9948921    
   63.9171257       43.0486336    
   64.0210571       43.1023636    
   64.1249847       43.1560822    
   64.2289124       43.2097893    
   64.3328400       43.2634850    
   64.4367676       43.3171692    
   64.5406952       43.3708420    
   64.6446228       43.4245033    
   64.7485504       43.4781532    
   64.8524780       43.5317917    
   64.9564056       43.5854187    
   65.0603333       43.6390343    
   65.1642609       43.6926384    
   65.2681885       43.7462311    
   65.3721161       43.7998123    
   65.4760437       43.8533821    
   65.5799713       43.9069405    
   65.6838989       43.9604874    
   65.7878265       44.0140228    
   65.8917542       44.0675468    
   65.9956818       44.1210594    
   66.0996094       44.1745605    
   66.2035370       44.2280502    
   66.3074646       44.2815285    
   66.4113922       44.3349953    
   66.5153198       44.3884506    
   66.6192474       44.4418945    
   66.7231750       44.4953270    
   66.8271027       44.5487480    
   66.9310303       44.6021576    
   67.0349579       44.6555557    
   67.1388855       44.7089424    
   67.2428131       44.7623177    
   67.3467407       44.8156815    
   67.4506683       44.8690338    
   67.5545959       44.9223747    
   67.6585236       44.9757042    
   67.7624512       45.0290222    
   67.8663788       45.0823288    
   67.9703064       45.1356239    
   68.0742340       45.1889076    
   68.1781616       45.2421799    
   68.2820892       45.2954407    
   68.3860168       45.3486900    
   68.4899445       45.4019279    
   68.5938721       45.4551544    
   68.6977997       45.5083694    
   68.8017273       45.5615730    
   68.9056549       45.6147652    
   69.0095825       45.6679459    
   69.1135101       45.7211151    
   69.2174377       45.7742729    
   69.3213654       45.8274193    
   69.4252930       45.8805542    
   69.5292206       45.9336777    
   69.6331482       45.9867897    
   69.7370758       46.0398903    
   69.8410034       46.0929794    
   69.9449310       46.1460571    
   70.0488586       46.1991234    
   70.1527863       46.2521782    
   70.2567139       46.3052216    
   70.3606415       46.3582535    
   70.4645691       46.4112740    
   70.5684967       46.4642830    
   70.6724243       46.5172806    
   70.7763519       46.5702667    
   70.8802795       46.6232414    
   70.9842072       46.6762047    
   71.0881348       46.7291565    
   71.1920624       46.7820969    
   71.2959900       46.8350258    
   71.3999176       46.8879433    
   71.5038452       46.9408493    
   71.6077728       46.9937439    
   71.7117004       47.0466270    
   71.8156281       47.0994987    
   71.9195557       47.1523590    
   72.0234833       47.2052078    
   72.1274109       47.2580452    
   72.2313385       47.3108711    
   72.3352661       47.3636856    
   72.4391937       47.4164886    
   72.5431213       47.4692802    
   72.6470490       47.5220604    
   72.7509766       47.5748291    
   72.8549042       47.6275864    
   72.9588318       47.6803322    
   73.0627594       47.7330666    
   73.1666870       47.7857895    
   73.2706146       47.8385010    
   73.3745422       47.8912010    
   73.4784698       47.9438896    
   73.5823975       47.9965668    
   73.6863251       48.0492325    
   73.7902527       48.1018867    
   73.8941803       48.1545296    
   73.9981079       48.2071609    
   74.1020355       48.2597809    
   74.2059631       48.3123894    
   74.3098907       48.3649864    
   74.4138184       48.4175720    
   74.5177460       48.4701462    
   74.6216736       48.5227089    
   74.7256012       48.5752602    
   74.8295288       48.6278000    
   74.9334564       48.6803284    
   75.0373840       48.7328453    
   75.1413116       48.7853508    
   75.2452393       48.8378448    
   75.3491669       48.8903275    
   75.4530945       48.9427986    
   75.5570221       48.9952583    
   75.6609497       49.0477066    
   75.7648773       49.1001434    
   75.8688049       49.1525688    
   75.9727325       49.2049828    
   76.0766602       49.2573853    
   76.1805878       49.3097763    
   76.2845154       49.3621559    
   76.3884430       49.4145241    
   76.4923706       49.4668808    
   76.5962982       49.5192261    
   76.7002258       49.5715599    
   76.8041534       49.6238823    
   76.9080811       49.6761932    
   77.0120087       49.7284927    
   77.1159363       49.7807808    
   77.2198639       49.8330574    
   77.3237915       49.8853226    
   77.4277191       49.9375763    
   77.5316467       49.9898186    
   77.6355743       50.0420494    
   77.7395020       50.0942688    
   77.8434296       50.1464767    
   77.9473572       50.1986732    
   78.0512848       50.2508583    
   78.1552124       50.3030319    
   78.2591400       50.3551941    
   78.3630676       50.4073448    
   78.4669952       50.4594841    
   78.5709229       50.5116119    
   78.6748505       50.5637283    
   78.7787781       50.6158333    
   78.8827057       50.6679268    
   78.9866333       50.7200089    
   79.0905609       50.7720795    
   79.1944885       50.8241386    
   79.2984161       50.8761864    
   79.4023438       50.9282227    
   79.5062714       50.9802475    
   79.6101990       51.0322609    
   79.7141266       51.0842628    
   79.8180542       51.1362534    
   79.9219818       51.1882324    
   80.0259094       51.2402000    
   80.1298370       51.2921562    
   80.2337646       51.3441010    
   80.3376923       51.3960342    
   80.4416199       51.4479561    
   80.5455475       51.4998665    
   80.6494751       51.5517654    
   80.7534027       51.6036530    
   80.8573303       51.6555290    
   80.9612579       51.7073936    
   81.0651855       51.7592468    
   81.1691132       51.8110886    
   81.2730408       51.8629189    
   81.3769684       51.9147377    
   81.4808960       51.9665451    
   81.5848236       52.0183411    
   81.6887512       52.0701256    
   81.7926788       52.1218987    
   81.8966064       52.1736603    
   82.0005341       52.2254105    
   82.1044617       52.2771492    
   82.2083893       52.3288765    
   82.3123169       52.3805923    
   82.4162445       52.4322968    
   82.5201721       52.4839897    
   82.6240997       52.5356712    
   82.7280273       52.5873413    
   82.8319550       52.6389999    
   82.9358826       52.6906471    
   83.0398102       52.7422829    
   83.1437378       52.7939072    
   83.2476654       52.8455200    
   83.3515930       52.8971214    
   83.4555206       52.9487114    
   83.5594482       53.0002899    
   83.6633759       53.0518570    
   83.7673035       53.1034126    
   83.8712311       53.1549568    
   83.9751587       53.2064896    
   84.0790863       53.2580109    
   84.1830139       53.3095207    
   84.2869415       53.3610191    
   84.3908691       53.4125061    
   84.4947968       53.4639816    
   84.5987244       53.5154457    
   84.7026520       53.5668983    
   84.8065796       53.6183395    
   84.9105072       53.6697693    
   85.0144348       53.7211876    
   85.1183624       53.7725945    
   85.2222900       53.8239899    
   85.3262177       53.8753738    
   85.4301453       53.9267464    
   85.5340729       53.9781075    
   85.6380005       54.0294571    
   85.7419281       54.0807953    
   85.8458557       54.1321220    
   85.9497833       54.1834373    
   86.0537109       54.2347412    
   86.1576385       54.2860336    
   86.2615662       54.3373146    
   86.3654938       54.3885841    
   86.4694214       54.4398422    
   86.5733490       54.4910889    
   86.6772766       54.5423241    
   86.7812042       54.5935478    
   86.8851318       54.6447601    
   86.9890594       54.6959610    
   87.0929871       54.7471504    
   87.1969147       54.7983284    
   87.3008423       54.8494949    
   87.4047699       54.9006500    
   87.5086975       54.9517937    
   87.6126251       55.0029259    
   87.7165527       55.0540466    
   87.8204803       55.1051559    
   87.9244080       55.1562538    
   88.0283356       55.2073402    
   88.1322632       55.2584152    
   88.2361908       55.3094788    
   88.3401184       55.3605309    
   88.4440460       55.4115715    
   88.5479736       55.4626007    
   88.6519012       55.5136185    
   88.7558289       55.5646248    
   88.8597565       55.6156197    
   88.9636841       55.6666031    
   89.0676117       55.7175751    
   89.1715393       55.7685356    
   89.2754669       55.8194847    
   89.3793945       55.8704224    
   89.4833221       55.9213486    
   89.5872498       55.9722633    
   89.6911774       56.0231667    
   89.7951050       56.0740585    
   89.8990326       56.1249390    
   90.0029602       56.1758080    
   90.1068878       56.2266655    
   90.2108154       56.2775116    
   90.3147430       56.3283463    
   90.4186707       56.3791695    
   90.5225983       56.4299812    
   90.6265259       56.4807816    
   90.7304535       56.5315704    
   90.8343811       56.5823479    
   90.9383087       56.6331139    
   91.0422363       56.6838684    
   91.1461639       56.7346115    
   91.2500916       56.7853432    
   91.3540192       56.8360634    
   91.4579468       56.8867722    
   91.5618744       56.9374695    
   91.6658020       56.9881554    
   91.7697296       57.0388298    
   91.8736572       57.0894928    
   91.9775848       57.1401443    
   92.0815125       57.1907845    
   92.1854401       57.2414131    
   92.2893677       57.2920303    
   92.3932953       57.3426361    
   92.4972229       57.3932304    
   92.6011505       57.4438133    
   92.7050781       57.4943848    
   92.8090057       57.5449448    
   92.9129333       57.5954933    
   93.0168610       57.6460304    
   93.1207886       57.6965561    
   93.2247162       57.7470703    
   93.3286438       57.7975731    
   93.4325714       57.8480644    
   93.5364990       57.8985443    
   93.6404266       57.9490128    
   93.7443542       57.9994698    
   93.8482819       58.0499153    
   93.9522095       58.1003494    
   94.0561371       58.1507721    
   94.1600647       58.2011833    
   94.2639923       58.2515831    
   94.3679199       58.3019714    
   94.4718475       58.3523483    
   94.5757751       58.4027138    
   94.6797028       58.4530678    
   94.7836304       58.5034103    
   94.8875580       58.5537415    
   94.9914856       58.6040611    
   95.0954132       58.6543694    
   95.1993408       58.7046661    
   95.3032684       58.7549515    
   95.4071960       58.8052254    
   95.5111237       58.8554878    
   95.6150513       58.9057388    
   95.7189789       58.9559784    
   95.8229065       59.0062065    
   95.9268341       59.0564232    
   96.0307617       59.1066284    
   96.1346893       59.1568222    
   96.2386169       59.2070045    
   96.3425446       59.2571754    
   96.4464722       59.3073349    
   96.5503998       59.3574829    
   96.6543274       59.4076195    
   96.7582550       59.4577446    
   96.8621826       59.5078583    
   96.9661102       59.5579605    
   97.0700378       59.6080513    
   97.1739655       59.6581306    
   97.2778931       59.7081985    
   97.3818207       59.7582550    
   97.4857483       59.8083000    
   97.5896759       59.8583336    
   97.6936035       59.9083557    
   97.7975311       59.9583664    
   97.9014587       60.0083656    
   98.0053864       60.0583534    
   98.1093140       60.1083298    
   98.2132416       60.1582947    
   98.3171692       60.2082481    
   98.4210968       60.2581902    
   98.5250244       60.3081207    
   98.6289520       60.3580399    
   98.7328796       60.4079475    
   98.8368073       60.4578438    
   98.9407349       60.5077286    
   99.0446625       60.5576019    
   99.1485901       60.6074638    
   99.2525177       60.6573143    
   99.3564453       60.7071533    
   99.4603729       60.7569809    
   99.5643005       60.8067970    
   99.6682281       60.8566017    
   99.7721558       60.9063950    
   99.8760834       60.9561768    
   99.9800110       61.0059471    
   100.083939       61.0557060    
   100.187866       61.1054535    
   100.291794       61.1551895    
   100.395721       61.2049141    
   100.499649       61.2546272    
   100.603577       61.3043289    
   100.707504       61.3540192    
   100.811432       61.4036980    
   100.915359       61.4533653    
   101.019287       61.5030212    
   101.123215       61.5526657    
   101.227142       61.6022987    
   101.331070       61.6519203    
   101.434998       61.7015305    
   101.538925       61.7511292    
   101.642853       61.8007164    
   101.746780       61.8502922    
   101.850708       61.8998566    
   101.954636       61.9494095    
   102.058563       61.9989510    
   102.162491       62.0484810    
   102.266418       62.0979996    
   102.370346       62.1475067    
   102.474274       62.1970024    
   102.578201       62.2464867    
   102.682129       62.2959595    
   102.786057       62.3454208    
   102.889984       62.3948708    
   102.993912       62.4443092    
   103.097839       62.4937363    
   103.201767       62.5431519    
   103.305695       62.5925560    
   103.409622       62.6419487    
   103.513550       62.6913300    
   103.617477       62.7406998    
   103.721405       62.7900581    
   103.825333       62.8394051    
   103.929260       62.8887405    
   104.033188       62.9380646    
   104.137115       62.9873772    
   104.241043       63.0366783    
   104.344971       63.0859680    
   104.448898       63.1352463    
   104.552826       63.1845131    
   104.656754       63.2337685    
   104.760681       63.2830124    
   104.864609       63.3322449    
   104.968536       63.3814659    
   105.072464       63.4306755    
   105.176392       63.4798737    
   105.280319       63.5290604    
   105.384247       63.5782356    
   105.488174       63.6273994    
   105.592102       63.6765518    
   105.696030       63.7256927    
   105.799957       63.7748222    
   105.903885       63.8239403    
   106.007812       63.8730469    
   106.111740       63.9221420    
   106.215668       63.9712257    
   106.319595       64.0203018    
   106.423523       64.0693741    
   106.527451       64.1184387    
   106.631378       64.1674957    
   106.735306       64.2165451    
   106.839233       64.2655869    
   106.943161       64.3146210    
   107.047089       64.3636475    
   107.151016       64.4126663    
   107.254944       64.4616776    
   107.358871       64.5106812    
   107.462799       64.5596771    
   107.566727       64.6086655    
   107.670654       64.6576462    
   107.774582       64.7066193    
   107.878510       64.7555847    
   107.982437       64.8045425    
   108.086365       64.8534927    
   108.190292       64.9024353    
   108.294220       64.9513702    
   108.398148       65.0002975    
   108.502075       65.0492172    
   108.606003       65.0981293    
   108.709930       65.1470337    
   108.813858       65.1959305    
   108.917786       65.2448196    
   109.021713       65.2937012    
   109.125641       65.3425751    
   109.229568       65.3914413    
   109.333496       65.4403000    
   109.437424       65.4891510    
   109.541351       65.5379944    
   109.645279       65.5868301    
   109.749207       65.6356583    
   109.853134       65.6844788    
   109.957062       65.7332916    
   110.060989       65.7820969    
   110.164917       65.8308945    
   110.268845       65.8796844    
   110.372772       65.9284668    
   110.476700       65.9772415    
   110.580627       66.0260086    
   110.684555       66.0747681    
   110.788483       66.1235199    
   110.892410       66.1722641    
   110.996338       66.2210007    
   111.100266       66.2697296    
   111.204193       66.3184509    
   111.308121       66.3671646    
   111.412048       66.4158707    
   111.515976       66.4645691    
   111.619904       66.5132599    
   111.723831       66.5619431    
   111.827759       66.6106186    
   111.931686       66.6592865    
   112.035614       66.7079468    
   112.139542       66.7565994    
   112.243469       66.8052444    
   112.347397       66.8538818    
   112.451324       66.9025116    
   112.555252       66.9511337    
   112.659180       66.9997482    
   112.763107       67.0483551    
   112.867035       67.0969543    
   112.970963       67.1455460    
   113.074890       67.1941299    
   113.178818       67.2427063    
   113.282745       67.2912750    
   113.386673       67.3398361    
   113.490601       67.3883896    
   113.594528       67.4369354    
   113.698456       67.4854736    
   113.802383       67.5340042    
   113.906311       67.5825272    
   114.010239       67.6310425    
   114.114166       67.6795502    
   114.218094       67.7280502    
   114.322021       67.7765427    
   114.425949       67.8250275    
   114.529877       67.8735046    
   114.633804       67.9219742    
   114.737732       67.9704361    
   114.841660       68.0188904    
   114.945587       68.0673370    
   115.049515       68.1157761    
   115.153442       68.1642075    
   115.257370       68.2126312    
   115.361298       68.2610474    
   115.465225       68.3094559    
   115.569153       68.3578568    
   115.673080       68.4062500    
   115.777008       68.4546356    
   115.880936       68.5030136    
   115.984863       68.5513840    
   116.088791       68.5997467    
   116.192719       68.6481018    
   116.296646       68.6964493    
   116.400574       68.7447891    
   116.504501       68.7931213    
   116.608429       68.8414459    
   116.712357       68.8897629    
   116.816284       68.9380722    
   116.920212       68.9863739    
   117.024139       69.0346680    
   117.128067       69.0829544    
   117.231995       69.1312332    
   117.335922       69.1795044    
   117.439850       69.2277679    
   117.543777       69.2760239    
   117.647705       69.3242722    
   117.751633       69.3725128    
   117.855560       69.4207458    
   117.959488       69.4689713    
   118.063416       69.5171890    
   118.167343       69.5653992    
   118.271271       69.6136017    
   118.375198       69.6617966    
   118.479126       69.7099838    
   118.583054       69.7581635    
   118.686981       69.8063354    
   118.790909       69.8544998    
   118.894836       69.9026566    
   118.998764       69.9508057    
   119.102692       69.9989471    
   119.206619       70.0470810    
   119.310547       70.0952072    
   119.414474       70.1433258    
   119.518402       70.1914368    
   119.622330       70.2395401    
   119.726257       70.2876358    
   119.830185       70.3357239    
   119.934113       70.3838043    
   120.038040       70.4318771    
   120.141968       70.4799423    
   120.245895       70.5279999    
   120.349823       70.5760498    
   120.453751       70.6240921    
   120.557678       70.6721268    
   120.661606       70.7201538    
   120.765533       70.7681732    
   120.869461       70.8161850    
   120.973389       70.8641891    
   121.077316       70.9121857    
   121.181244       70.9601746    
   121.285172       71.0081558    
   121.389099       71.0561295    
   121.493027       71.1040955    
   121.596954       71.1520538    
   121.700882       71.2000046    
   121.804810       71.2479477    
   121.908737       71.2958832    
   122.012665       71.3438110    
   122.116592       71.3917313    
   122.220520       71.4396439    
   122.324448       71.4875488    
   122.428375       71.5354462    
   122.532303       71.5833359    
   122.636230       71.6312180    
   122.740158       71.6790924    
   122.844086       71.7269592    
   122.948013       71.7748184    
   123.051941       71.8226700    
   123.155869       71.8705139    
   123.259796       71.9183502    
   123.363724       71.9661789    
   123.467651       72.0139999    
   123.571579       72.0618134    
   123.675507       72.1096191    
   123.779434       72.1574173    
   123.883362       72.2052078    
   123.987289       72.2529907    
   124.091217       72.3007660    
   124.195145       72.3485336    
   124.299072       72.3962936    
   124.403000       72.4440460    
   124.506927       72.4917908    
   124.610855       72.5395279    
   124.714783       72.5872574    
   124.818710       72.6349792    
   124.922638       72.6826935    
   125.026566       72.7304001    
   125.130493       72.7780991    
   125.234421       72.8257904    
   125.338348       72.8734741    
   125.442276       72.9211502    
   125.546204       72.9688187    
   125.650131       73.0164795    
   125.754059       73.0641327    
   125.857986       73.1117783    
   125.961914       73.1594162    
   126.065842       73.2070465    
   126.169769       73.2546692    
   126.273697       73.3022842    
   126.377625       73.3498917    
   126.481552       73.3974915    
   126.585480       73.4450836    
   126.689407       73.4926682    
   126.793335       73.5402451    
   126.897263       73.5878143    
   127.001190       73.6353760    
   127.105118       73.6829300    
   127.209045       73.7304764    
   127.312973       73.7780151    
   127.416901       73.8255463    
   127.520828       73.8730698    
   127.624756       73.9205856    
   127.728683       73.9680939    
   127.832611       74.0155945    
   127.936539       74.0630875    
   128.040466       74.1105728    
   128.144394       74.1580505    
   128.248322       74.2055206    
   128.352249       74.2529831    
   128.456177       74.3004379    
   128.560104       74.3478851    
   128.664032       74.3953247    
   128.767960       74.4427567    
   128.871887       74.4901810    
   128.975815       74.5375977    
   129.079742       74.5850067    
   129.183670       74.6324081    
   129.287598       74.6798019    
   129.391525       74.7271881    
   129.495453       74.7745667    
   129.599380       74.8219376    
   129.703308       74.8693008    
   129.807236       74.9166565    
   129.911163       74.9640045    
   130.015091       75.0113449    
   130.119019       75.0586777    
   130.222946       75.1060028    
   130.326874       75.1533203    
   130.430801       75.2006302    
   130.534729       75.2479324    
   130.638657       75.2952271    
   130.742584       75.3425140    
   130.846512       75.3897934    
   130.950439       75.4370651    
   131.054367       75.4843292    
   131.158295       75.5315857    
   131.262222       75.5788345    
   131.366150       75.6260757    
   131.470078       75.6733093    
   131.574005       75.7205353    
   131.677933       75.7677536    
   131.781860       75.8149643    
   131.885788       75.8621674    
   131.989716       75.9093628    
   132.093643       75.9565506    
   132.197571       76.0037308    
   132.301498       76.0509033    
   132.405426       76.0980682    
   132.509354       76.1452255    
   132.613281       76.1923752    
   132.717209       76.2395172    
   132.821136       76.2866516    
   132.925064       76.3337784    
   133.028992       76.3808975    
   133.132919       76.4280090    
   133.236847       76.4751129    
   133.340775       76.5222092    
   133.444702       76.5692978    
   133.548630       76.6163788    
   133.652557       76.6634521    
   133.756485       76.7105179    
   133.860413       76.7575760    
   133.964340       76.8046265    
   134.068268       76.8516693    
   134.172195       76.8987045    
   134.276123       76.9457321    
   134.380051       76.9927521    
   134.483978       77.0397644    
   134.587906       77.0867691    
   134.691833       77.1337662    
   134.795761       77.1807556    
   134.899689       77.2277374    
   135.003616       77.2747116    
   135.107544       77.3216782    
   135.211472       77.3686371    
   135.315399       77.4155884    
   135.419327       77.4625320    
   135.523254       77.5094681    
   135.627182       77.5563965    
   135.731110       77.6033173    
   135.835037       77.6502304    
   135.938965       77.6971359    
   136.042892       77.7440338    
   136.146820       77.7909241    
   136.250748       77.8378067    
   136.354675       77.8846817    
   136.458603       77.9315491    
   136.562531       77.9784088    
   136.666458       78.0252609    
   136.770386       78.0721054    
   136.874313       78.1189423    
   136.978241       78.1657715    
   137.082169       78.2125931    
   137.186096       78.2594070    
   137.290024       78.3062134    
   137.393951       78.3530121    
   137.497879       78.3998032    
   137.601807       78.4465866    
   137.705734       78.4933624    
   137.809662       78.5401306    
   137.913589       78.5868912    
   138.017517       78.6336441    
   138.121445       78.6803894    
   138.225372       78.7271271    
   138.329300       78.7738571    
   138.433228       78.8205795    
   138.537155       78.8672943    
   138.641083       78.9140015    
   138.745010       78.9607010    
   138.848938       79.0073929    
   138.952866       79.0540771    
   139.056793       79.1007538    
   139.160721       79.1474228    
   139.264648       79.1940842    
   139.368576       79.2407379    
   139.472504       79.2873840    
   139.576431       79.3340225    
   139.680359       79.3806534    
   139.784286       79.4272766    
   139.888214       79.4738922    
   139.992142       79.5205002    
   140.096069       79.5671005    
   140.199997       79.6136932    
   140.303925       79.6602783    
   140.407852       79.7068558    
   140.511780       79.7534256    
   140.615707       79.7999878    
   140.719635       79.8465424    
   140.823563       79.8930893    
   140.927490       79.9396286    
   141.031418       79.9861603    
   141.135345       80.0326843    
   141.239273       80.0792007    
   141.343201       80.1257095    
   141.447128       80.1722107    
   141.551056       80.2187042    
   141.654984       80.2651901    
   141.758911       80.3116684    
   141.862839       80.3581390    
   141.966766       80.4046021    
   142.070694       80.4510574    
   142.174622       80.4975052    
   142.278549       80.5439453    
   142.382477       80.5903778    
   142.486404       80.6368027    
   142.590332       80.6832199    
   142.694260       80.7296295    
   142.798187       80.7760315    
   142.902115       80.8224258    
   143.006042       80.8688126    
   143.109970       80.9151917    
   143.213898       80.9615631    
   143.317825       81.0079269    
   143.421753       81.0542831    
   143.525681       81.1006317    
   143.629608       81.1469727    
   143.733536       81.1933060    
   143.837463       81.2396317    
   143.941391       81.2859497    
   144.045319       81.3322601    
   144.149246       81.3785629    
   144.253174       81.4248581    
   144.357101       81.4711456    
   144.461029       81.5174255    
   144.564957       81.5636978    
   144.668884       81.6099625    
   144.772812       81.6562195    
   144.876740       81.7024689    
   144.980667       81.7487106    
   145.084595       81.7949448    
   145.188522       81.8411713    
   145.292450       81.8873901    
   145.396378       81.9336014    
   145.500305       81.9798050    
   145.604233       82.0260010    
   145.708160       82.0721893    
   145.812088       82.1183701    
   145.916016       82.1645432    
   146.019943       82.2107086    
   146.123871       82.2568665    
   146.227798       82.3030167    
   146.331726       82.3491592    
   146.435654       82.3952942    
   146.539581       82.4414215    
   146.643509       82.4875412    
   146.747437       82.5336533    
   146.851364       82.5797577    
   146.955292       82.6258545    
   147.059219       82.6719437    
   147.163147       82.7180252    
   147.267075       82.7640991    
   147.371002       82.8101654    
   147.474930       82.8562241    
   147.578857       82.9022751    
   147.682785       82.9483185    
   147.786713       82.9943542    
   147.890640       83.0403824    
   147.994568       83.0864029    
   148.098495       83.1324158    
   148.202423       83.1784210    
   148.306351       83.2244186    
   148.410278       83.2704086    
   148.514206       83.3163910    
   148.618134       83.3623657    
   148.722061       83.4083328    
   148.825989       83.4542923    
   148.929916       83.5002441    
   149.033844       83.5461884    
   149.137772       83.5921249    
   149.241699       83.6380539    
   149.345627       83.6839752    
   149.449554       83.7298889    
   149.553482       83.7757950    
   149.657410       83.8216934    
   149.761337       83.8675842    
   149.865265       83.9134674    
   149.969193       83.9593430    
   150.073120       84.0052109    
   150.177048       84.0510712    
   150.280975       84.0969238    
   150.384903       84.1427689    
   150.488831       84.1886063    
   150.592758       84.2344360    
   150.696686       84.2802582    
   150.800613       84.3260727    
   150.904541       84.3718796    
   151.008469       84.4176788    
   151.112396       84.4634705    
   151.216324       84.5092545    
   151.320251       84.5550308    
   151.424179       84.6007996    
   151.528107       84.6465607    
   151.632034       84.6923141    
   151.735962       84.7380600    
   151.839890       84.7837982    
   151.943817       84.8295288    
   152.047745       84.8752518    
   152.151672       84.9209671    
   152.255600       84.9666748    
   152.359528       85.0123749    
   152.463455       85.0580673    
   152.567383       85.1037521    
   152.671310       85.1494293    
   152.775238       85.1950989    
   152.879166       85.2407608    
   152.983093       85.2864151    
   153.087021       85.3320618    
   153.190948       85.3777008    
   153.294876       85.4233322    
   153.398804       85.4689560    
   153.502731       85.5145721    
   153.606659       85.5601807    
   153.710587       85.6057816    
   153.814514       85.6513748    
   153.918442       85.6969604    
   154.022369       85.7425385    
   154.126297       85.7881088    
   154.230225       85.8336716    
   154.334152       85.8792267    
   154.438080       85.9247742    
   154.542007       85.9703140    
   154.645935       86.0158463    
   154.749863       86.0613708    
   154.853790       86.1068878    
   154.957718       86.1523972    
   155.061646       86.1978989    
   155.165573       86.2433929    
   155.269501       86.2888794    
   155.373428       86.3343582    
   155.477356       86.3798294    
   155.581284       86.4252930    
   155.685211       86.4707489    
   155.789139       86.5161972    
   155.893066       86.5616379    
   155.996994       86.6070709    
   156.100922       86.6524963    
   156.204849       86.6979141    
   156.308777       86.7433243    
   156.412704       86.7887268    
   156.516632       86.8341217    
   156.620560       86.8795090    
   156.724487       86.9248886    
   156.828415       86.9702606    
   156.932343       87.0156250    
   157.036270       87.0609818    
   157.140198       87.1063309    
   157.244125       87.1516724    
   157.348053       87.1970062    
   157.451981       87.2423325    
   157.555908       87.2876511    
   157.659836       87.3329620    
   157.763763       87.3782654    
   157.867691       87.4235611    
   157.971619       87.4688492    
   158.075546       87.5141296    
   158.179474       87.5594025    
   158.283401       87.6046677    
   158.387329       87.6499252    
   158.491257       87.6951752    
   158.595184       87.7404175    
   158.699112       87.7856522    
   158.803040       87.8308792    
   158.906967       87.8760986    
   159.010895       87.9213104    
   159.114822       87.9665146    
   159.218750       88.0117111    
   159.322678       88.0569000    
   159.426605       88.1020813    
   159.530533       88.1472549    
   159.634460       88.1924210    
   159.738388       88.2375793    
   159.842316       88.2827301    
   159.946243       88.3278732    
   160.050171       88.3730087    
   160.154099       88.4181366    
   160.258026       88.4632568    
   160.361954       88.5083694    
   160.465881       88.5534744    
   160.569809       88.5985718    
   160.673737       88.6436615    
   160.777664       88.6887436    
   160.881592       88.7338181    
   160.985519       88.7788849    
   161.089447       88.8239441    
   161.193375       88.8689957    
   161.297302       88.9140396    
   161.401230       88.9590759    
   161.505157       89.0041046    
   161.609085       89.0491257    
   161.713013       89.0941391    
   161.816940       89.1391449    
   161.920868       89.1841431    
   162.024796       89.2291336    
   162.128723       89.2741165    
   162.232651       89.3190918    
   162.336578       89.3640594    
   162.440506       89.4090195    
   162.544434       89.4539719    
   162.648361       89.4989166    
   162.752289       89.5438538    
   162.856216       89.5887833    
   162.960144       89.6337051    
   163.064072       89.6786194    
   163.167999       89.7235260    
   163.271927       89.7684250    
   163.375854       89.8133163    
   163.479782       89.8582001    
   163.583710       89.9030762    
   163.687637       89.9479446    
   163.791565       89.9928055    
   163.895493       90.0376587    
   163.999420       90.0825043    
   164.103348       90.1273422    
   164.207275       90.1721725    
   164.311203       90.2169952    
   164.415131       90.2618103    
   164.519058       90.3066177    
   164.622986       90.3514175    
   164.726913       90.3962097    
   164.830841       90.4409943    
   164.934769       90.4857712    
   165.038696       90.5305405    
   165.142624       90.5753021    
   165.246552       90.6200562    
   165.350479       90.6648026    
   165.454407       90.7095413    
   165.558334       90.7542725    
   165.662262       90.7989960    
   165.766190       90.8437119    
   165.870117       90.8884201    
   165.974045       90.9331207    
   166.077972       90.9778137    
   166.181900       91.0224991    
   166.285828       91.0671768    
   166.389755       91.1118469    
   166.493683       91.1565094    
   166.597610       91.2011642    
   166.701538       91.2458115    
   166.805466       91.2904510    
   166.909393       91.3350830    
   167.013321       91.3797073    
   167.117249       91.4243240    
   167.221176       91.4689331    
   167.325104       91.5135345    
   167.429031       91.5581284    
   167.532959       91.6027145    
   167.636887       91.6472931    
   167.740814       91.6918640    
   167.844742       91.7364273    
   167.948669       91.7809830    
   168.052597       91.8255310    
   168.156525       91.8700714    
   168.260452       91.9146042    
   168.364380       91.9591293    
   168.468307       92.0036469    
   168.572235       92.0481567    
   168.676163       92.0926590    
   168.780090       92.1371536    
   168.884018       92.1816406    
   168.987946       92.2261200    
   169.091873       92.2705917    
   169.195801       92.3150558    
   169.299728       92.3595123    
   169.403656       92.4039612    
   169.507584       92.4484024    
   169.611511       92.4928360    
   169.715439       92.5372620    
   169.819366       92.5816803    
   169.923294       92.6260910    
   170.027222       92.6704941    
   170.131149       92.7148895    
   170.235077       92.7592773    
   170.339005       92.8036575    
   170.442932       92.8480301    
   170.546860       92.8923950    
   170.650787       92.9367523    
   170.754715       92.9811020    
   170.858643       93.0254440    
   170.962570       93.0697784    
   171.066498       93.1141052    
   171.170425       93.1584244    
   171.274353       93.2027359    
   171.378281       93.2470398    
   171.482208       93.2913361    
   171.586136       93.3356247    
   171.690063       93.3799057    
   171.793991       93.4241791    
   171.897919       93.4684448    
   172.001846       93.5127029    
   172.105774       93.5569534    
   172.209702       93.6011963    
   172.313629       93.6454315    
   172.417557       93.6896591    
   172.521484       93.7338791    
   172.625412       93.7780914    
   172.729340       93.8222961    
   172.833267       93.8664932    
   172.937195       93.9106827    
   173.041122       93.9548645    
   173.145050       93.9990387    
   173.248978       94.0432053    
   173.352905       94.0873642    
   173.456833       94.1315155    
   173.560760       94.1756592    
   173.664688       94.2197952    
   173.768616       94.2639236    
   173.872543       94.3080444    
   173.976471       94.3521576    
   174.080399       94.3962631    
   174.184326       94.4403610    
   174.288254       94.4844513    
   174.392181       94.5285339    
   174.496109       94.5726089    
   174.600037       94.6166763    
   174.703964       94.6607361    
   174.807892       94.7047882    
   174.911819       94.7488327    
   175.015747       94.7928696    
   175.119675       94.8368988    
   175.223602       94.8809204    
   175.327530       94.9249344    
   175.431458       94.9689407    
   175.535385       95.0129395    
   175.639313       95.0569305    
   175.743240       95.1009140    
   175.847168       95.1448898    
   175.951096       95.1888580    
   176.055023       95.2328186    
   176.158951       95.2767715    
   176.262878       95.3207169    
   176.366806       95.3646545    
   176.470734       95.4085846    
   176.574661       95.4525070    
   176.678589       95.4964218    
   176.782516       95.5403290    
   176.886444       95.5842285    
   176.990372       95.6281204    
   177.094299       95.6720047    
   177.198227       95.7158813    
   177.302155       95.7597504    
   177.406082       95.8036118    
   177.510010       95.8474655    
   177.613937       95.8913116    
   177.717865       95.9351501    
   177.821793       95.9789810    
   177.925720       96.0228043    
   178.029648       96.0666199    
   178.133575       96.1104279    
   178.237503       96.1542282    
   178.341431       96.1980209    
   178.445358       96.2418060    
   178.549286       96.2855835    
   178.653214       96.3293533    
   178.757141       96.3731155    
   178.861069       96.4168701    
   178.964996       96.4606171    
   179.068924       96.5043564    
   179.172852       96.5480881    
   179.276779       96.5918121    
   179.380707       96.6355286    
   179.484634       96.6792374    
   179.588562       96.7229385    
   179.692490       96.7666321    
   179.796417       96.8103180    
   179.900345       96.8539963    
   180.004272       96.8976669    
   180.108200       96.9413300    
   180.212128       96.9849854    
   180.316055       97.0286331    
   180.419983       97.0722733    
   180.523911       97.1159058    
   180.627838       97.1595306    
   180.731766       97.2031479    
   180.835693       97.2467575    
   180.939621       97.2903595    
   181.043549       97.3339539    
   181.147476       97.3775406    
   181.251404       97.4211197    
   181.355331       97.4646912    
   181.459259       97.5082550    
   181.563187       97.5518112    
   181.667114       97.5953598    
   181.771042       97.6389008    
   181.874969       97.6824341    
   181.978897       97.7259598    
   182.082825       97.7694778    
   182.186752       97.8129883    
   182.290680       97.8564911    
   182.394608       97.8999863    
   182.498535       97.9434738    
   182.602463       97.9869537    
   182.706390       98.0304260    
   182.810318       98.0738907    
   182.914246       98.1173477    
   183.018173       98.1607971    
   183.122101       98.2042389    
   183.226028       98.2476730    
   183.329956       98.2910995    
   183.433884       98.3345184    
   183.537811       98.3779297    
   183.641739       98.4213333    
   183.745667       98.4647293    
   183.849594       98.5081177    
   183.953522       98.5514984    
   184.057449       98.5948715    
   184.161377       98.6382370    
   184.265305       98.6815948    
   184.369232       98.7249451    
   184.473160       98.7682877    
   184.577087       98.8116226    
   184.681015       98.8549500    
   184.784943       98.8982697    
   184.888870       98.9415817    
   184.992798       98.9848862    
   185.096725       99.0281830    
   185.200653       99.0714722    
   185.304581       99.1147537    
   185.408508       99.1580276    
   185.512436       99.2012939    
   185.616364       99.2445526    
   185.720291       99.2878036    
   185.824219       99.3310471    
   185.928146       99.3742828    
   186.032074       99.4175110    
   186.136002       99.4607315    
   186.239929       99.5039444    
   186.343857       99.5471497    
   186.447784       99.5903473    
   186.551712       99.6335373    
   186.655640       99.6767197    
   186.759567       99.7198944    
   186.863495       99.7630615    
   186.967422       99.8062210    
   187.071350       99.8493729    
   187.175278       99.8925171    
   187.279205       99.9356537    
   187.383133       99.9787827    
   187.487061       100.021904    
   187.590988       100.065018    
   187.694916       100.108124    
   187.798843       100.151222    
   187.902771       100.194313    
   188.006699       100.237396    
   188.110626       100.280472    
   188.214554       100.323540    
   188.318481       100.366600    
   188.422409       100.409653    
   188.526337       100.452698    
   188.630264       100.495735    
   188.734192       100.538765    
   188.838120       100.581787    
   188.942047       100.624802    
   189.045975       100.667809    
   189.149902       100.710808    
   189.253830       100.753799    
   189.357758       100.796783    
   189.461685       100.839760    
   189.565613       100.882729    
   189.669540       100.925690    
   189.773468       100.968643    
   189.877396       101.011589    
   189.981323       101.054527    
   190.085251       101.097458    
   190.189178       101.140381    
   190.293106       101.183296    
   190.397034       101.226204    
   190.500961       101.269104    
   190.604889       101.311996    
   190.708817       101.354881    
   190.812744       101.397758    
   190.916672       101.440628    
   191.020599       101.483490    
   191.124527       101.526344    
   191.228455       101.569191    
   191.332382       101.612030    
   191.436310       101.654861    
   191.540237       101.697685    
   191.644165       101.740501    
   191.748093       101.783310    
   191.852020       101.826111    
   191.955948       101.868904    
   192.059875       101.911690    
   192.163803       101.954468    
   192.267731       101.997238    
   192.371658       102.040001    
   192.475586       102.082756    
   192.579514       102.125504    
   192.683441       102.168243    
   192.787369       102.210976    
   192.891296       102.253700    
   192.995224       102.296417    
   193.099152       102.339127    
   193.203079       102.381828    
   193.307007       102.424522    
   193.410934       102.467209    
   193.514862       102.509888    
   193.618790       102.552559    
   193.722717       102.595222    
   193.826645       102.637878    
   193.930573       102.680527    
   194.034500       102.723167    
   194.138428       102.765800    
   194.242355       102.808426    
   194.346283       102.851044    
   194.450211       102.893654    
   194.554138       102.936256    
   194.658066       102.978851    
   194.761993       103.021439    
   194.865921       103.064018    
   194.969849       103.106590    
   195.073776       103.149155    
   195.177704       103.191711    
   195.281631       103.234261    
   195.385559       103.276802    
   195.489487       103.319336    
   195.593414       103.361862    
   195.697342       103.404381    
   195.801270       103.446892    
   195.905197       103.489395    
   196.009125       103.531891    
   196.113052       103.574379    
   196.216980       103.616859    
   196.320908       103.659332    
   196.424835       103.701797    
   196.528763       103.744255    
   196.632690       103.786705    
   196.736618       103.829147    
   196.840546       103.871582    
   196.944473       103.914009    
   197.048401       103.956429    
   197.152328       103.998840    
   197.256256       104.041245    
   197.360184       104.083641    
   197.464111       104.126030    
   197.568039       104.168411    
   197.671967       104.210785    
   197.775894       104.253151    
   197.879822       104.295509    
   197.983749       104.337860    
   198.087677       104.380203    
   198.191605       104.422539    
   198.295532       104.464867    
   198.399460       104.507187    
   198.503387       104.549500    
   198.607315       104.591805    
   198.711243       104.634102    
   198.815170       104.676392    
   198.919098       104.718674    
   199.023026       104.760948    
   199.126953       104.803215    
   199.230881       104.845474    
   199.334808       104.887726    
   199.438736       104.929970    
   199.542664       104.972206    
   199.646591       105.014435    
   199.750519       105.056656    
   199.854446       105.098869    
   199.958374       105.141075    
   200.062302       105.183273    
   200.166229       105.225464    
   200.270157       105.267647    
   200.374084       105.309822    
   200.478012       105.351990    
   200.581940       105.394150    
   200.685867       105.436302    
   200.789795       105.478447    
   200.893723       105.520584    
   200.997650       105.562714    
   201.101578       105.604836    
   201.205505       105.646950    
   201.309433       105.689056    
   201.413361       105.731155    
   201.517288       105.773247    
   201.621216       105.815331    
   201.725143       105.857407    
   201.829071       105.899475    
   201.932999       105.941536    
   202.036926       105.983589    
   202.140854       106.025635    
   202.244781       106.067673    
   202.348709       106.109703    
   202.452637       106.151726    
   202.556564       106.193741    
   202.660492       106.235748    
   202.764420       106.277748    
   202.868347       106.319740    
   202.972275       106.361725    
   203.076202       106.403702    
   203.180130       106.445671    
   203.284058       106.487633    
   203.387985       106.529587    
   203.491913       106.571533    
   203.595840       106.613472    
   203.699768       106.655403    
   203.803696       106.697327    
   203.907623       106.739243    
   204.011551       106.781151    
   204.115479       106.823051    
   204.219406       106.864944    
   204.323334       106.906830    
   204.427261       106.948708    
   204.531189       106.990578    
   204.635117       107.032440    
   204.739044       107.074295    
   204.842972       107.116142    
   204.946899       107.157982    
   205.050827       107.199814    
   205.154755       107.241638    
   205.258682       107.283455    
   205.362610       107.325264    
   205.466537       107.367065    
   205.570465       107.408859    
   205.674393       107.450645    
   205.778320       107.492424    
   205.882248       107.534195    
   205.986176       107.575958    
   206.090103       107.617714    
   206.194031       107.659462    
   206.297958       107.701202    
   206.401886       107.742935    
   206.505814       107.784660    
   206.609741       107.826378    
   206.713669       107.868088    
   206.817596       107.909790    
   206.921524       107.951485    
   207.025452       107.993172    
   207.129379       108.034851    
   207.233307       108.076523    
   207.337234       108.118187    
   207.441162       108.159843    
   207.545090       108.201492    
   207.649017       108.243134    
   207.752945       108.284767    
   207.856873       108.326393    
   207.960800       108.368011    
   208.064728       108.409622    
   208.168655       108.451225    
   208.272583       108.492821    
   208.376511       108.534409    
   208.480438       108.575989    
   208.584366       108.617561    
   208.688293       108.659126    
   208.792221       108.700684    
   208.896149       108.742233    
   209.000076       108.783775    
   209.104004       108.825310    
   209.207932       108.866837    
   209.311859       108.908356    
   209.415787       108.949867    
   209.519714       108.991371    
   209.623642       109.032867    
   209.727570       109.074356    
   209.831497       109.115837    
   209.935425       109.157310    
   210.039352       109.198776    
   210.143280       109.240234    
   210.247208       109.281685    
   210.351135       109.323128    
   210.455063       109.364563    
   210.558990       109.405991    
   210.662918       109.447411    
   210.766846       109.488823    
   210.870773       109.530228    
   210.974701       109.571625    
   211.078629       109.613014    
   211.182556       109.654396    
   211.286484       109.695770    
   211.390411       109.737137    
   211.494339       109.778496    
   211.598267       109.819847    
   211.702194       109.861191    
   211.806122       109.902527    
   211.910049       109.943855    
   212.013977       109.985176    
   212.117905       110.026489    
   212.221832       110.067795    
   212.325760       110.109093    
   212.429688       110.150383    
   212.533615       110.191666    
   212.637543       110.232941    
   212.741470       110.274208    
   212.845398       110.315468    
   212.949326       110.356720    
   213.053253       110.397964    
   213.157181       110.439201    
   213.261108       110.480431    
   213.365036       110.521652    
   213.468964       110.562866    
   213.572891       110.604073    
   213.676819       110.645271    
   213.780746       110.686462    
   213.884674       110.727646    
   213.988602       110.768822    
   214.092529       110.809990    
   214.196457       110.851151    
   214.300385       110.892303    
   214.404312       110.933449    
   214.508240       110.974586    
   214.612167       111.015717    
   214.716095       111.056839    
   214.820023       111.097954    
   214.923950       111.139061    
   215.027878       111.180161    
   215.131805       111.221252    
   215.235733       111.262337    
   215.339661       111.303413    
   215.443588       111.344482    
   215.547516       111.385544    
   215.651443       111.426598    
   215.755371       111.467644    
   215.859299       111.508682    
   215.963226       111.549713    
   216.067154       111.590736    
   216.171082       111.631752    
   216.275009       111.672760    
   216.378937       111.713760    
   216.482864       111.754753    
   216.586792       111.795738    
   216.690720       111.836716    
   216.794647       111.877686    
   216.898575       111.918648    
   217.002502       111.959602    
   217.106430       112.000549    
   217.210358       112.041489    
   217.314285       112.082420    
   217.418213       112.123344    
   217.522141       112.164261    
   217.626068       112.205170    
   217.729996       112.246071    
   217.833923       112.286964    
   217.937851       112.327850    
   218.041779       112.368729    
   218.145706       112.409599    
   218.249634       112.450462    
   218.353561       112.491318    
   218.457489       112.532166    
   218.561417       112.573006    
   218.665344       112.613838    
   218.769272       112.654663    
   218.873199       112.695480    
   218.977127       112.736290    
   219.081055       112.777092    
   219.184982       112.817886    
   219.288910       112.858673    
   219.392838       112.899452    
   219.496765       112.940224    
   219.600693       112.980988    
   219.704620       113.021744    
   219.808548       113.062492    
   219.912476       113.103233    
   220.016403       113.143967    
   220.120331       113.184692    
   220.224258       113.225410    
   220.328186       113.266121    
   220.432114       113.306824    
   220.536041       113.347519    
   220.639969       113.388206    
   220.743896       113.428886    
   220.847824       113.469559    
   220.951752       113.510223    
   221.055679       113.550880    
   221.159607       113.591530    
   221.263535       113.632172    
   221.367462       113.672806    
   221.471390       113.713432    
   221.575317       113.754051    
   221.679245       113.794662    
   221.783173       113.835266    
   221.887100       113.875862    
   221.991028       113.916451    
   222.094955       113.957031    
   222.198883       113.997604    
   222.302811       114.038170    
   222.406738       114.078728    
   222.510666       114.119278    
   222.614594       114.159821    
   222.718521       114.200356    
   222.822449       114.240883    
   222.926376       114.281403    
   223.030304       114.321915    
   223.134232       114.362419    
   223.238159       114.402916    
   223.342087       114.443405    
   223.446014       114.483887    
   223.549942       114.524361    
   223.653870       114.564827    
   223.757797       114.605286    
   223.861725       114.645737    
   223.965652       114.686180    
   224.069580       114.726616    
   224.173508       114.767044    
   224.277435       114.807465    
   224.381363       114.847878    
   224.485291       114.888283    
   224.589218       114.928680    
   224.693146       114.969070    
   224.797073       115.009453    
   224.901001       115.049828    
   225.004929       115.090195    
   225.108856       115.130554    
   225.212784       115.170906    
   225.316711       115.211250    
   225.420639       115.251587    
   225.524567       115.291916    
   225.628494       115.332237    
   225.732422       115.372551    
   225.836349       115.412857    
   225.940277       115.453156    
   226.044205       115.493446    
   226.148132       115.533730    
   226.252060       115.574005    
   226.355988       115.614273    
   226.459915       115.654533    
   226.563843       115.694786    
   226.667770       115.735031    
   226.771698       115.775269    
   226.875626       115.815498    
   226.979553       115.855721    
   227.083481       115.895935    
   227.187408       115.936142    
   227.291336       115.976341    
   227.395264       116.016533    
   227.499191       116.056717    
   227.603119       116.096893    
   227.707047       116.137062    
   227.810974       116.177223    
   227.914902       116.217377    
   228.018829       116.257523    
   228.122757       116.297661    
   228.226685       116.337791    
   228.330612       116.377914    
   228.434540       116.418030    
   228.538467       116.458138    
   228.642395       116.498238    
   228.746323       116.538330    
   228.850250       116.578415    
   228.954178       116.618492    
   229.058105       116.658562    
   229.162033       116.698624    
   229.265961       116.738678    
   229.369888       116.778725    
   229.473816       116.818764    
   229.577744       116.858795    
   229.681671       116.898819    
   229.785599       116.938835    
   229.889526       116.978844    
   229.993454       117.018845    
   230.097382       117.058838    
   230.201309       117.098824    
   230.305237       117.138802    
   230.409164       117.178772    
   230.513092       117.218735    
   230.617020       117.258690    
   230.720947       117.298637    
   230.824875       117.338577    
   230.928802       117.378510    
   231.032730       117.418434    
   231.136658       117.458351    
   231.240585       117.498260    
   231.344513       117.538162    
   231.448441       117.578056    
   231.552368       117.617943    
   231.656296       117.657822    
   231.760223       117.697693    
   231.864151       117.737556    
   231.968079       117.777412    
   232.072006       117.817261    
   232.175934       117.857101    
   232.279861       117.896935    
   232.383789       117.936760    
   232.487717       117.976578    
   232.591644       118.016388    
   232.695572       118.056190    
   232.799500       118.095985    
   232.903427       118.135773    
   233.007355       118.175552    
   233.111282       118.215324    
   233.215210       118.255089    
   233.319138       118.294846    
   233.423065       118.334595    
   233.526993       118.374336    
   233.630920       118.414070    
   233.734848       118.453796    
   233.838776       118.493515    
   233.942703       118.533226    
   234.046631       118.572929    
   234.150558       118.612625    
   234.254486       118.652313    
   234.358414       118.691994    
   234.462341       118.731667    
   234.566269       118.771332    
   234.670197       118.810989    
   234.774124       118.850639    
   234.878052       118.890282    
   234.981979       118.929916    
   235.085907       118.969543    
   235.189835       119.009163    
   235.293762       119.048775    
   235.397690       119.088379    
   235.501617       119.127975    
   235.605545       119.167564    
   235.709473       119.207146    
   235.813400       119.246719    
   235.917328       119.286285    
   236.021255       119.325844    
   236.125183       119.365395    
   236.229111       119.404938    
   236.333038       119.444473    
   236.436966       119.484001    
   236.540894       119.523521    
   236.644821       119.563034    
   236.748749       119.602539    
   236.852676       119.642036    
   236.956604       119.681526    
   237.060532       119.721008    
   237.164459       119.760483    
   237.268387       119.799950    
   237.372314       119.839409    
   237.476242       119.878860    
   237.580170       119.918304    
   237.684097       119.957741    
   237.788025       119.997169    
   237.891953       120.036591    
   237.995880       120.076004    
   238.099808       120.115410    
   238.203735       120.154808    
   238.307663       120.194199    
   238.411591       120.233582    
   238.515518       120.272957    
   238.619446       120.312325    
   238.723373       120.351685    
   238.827301       120.391037    
   238.931229       120.430382    
   239.035156       120.469719    
   239.139084       120.509048    
   239.243011       120.548370    
   239.346939       120.587685    
   239.450867       120.626991    
   239.554794       120.666290    
   239.658722       120.705582    
   239.762650       120.744865    
   239.866577       120.784142    
   239.970505       120.823410    
   240.074432       120.862671    
   240.178360       120.901924    
   240.282288       120.941170    
   240.386215       120.980408    
   240.490143       121.019638    
   240.594070       121.058861    
   240.697998       121.098076    
   240.801926       121.137283    
   240.905853       121.176483    
   241.009781       121.215675    
   241.113708       121.254860    
   241.217636       121.294037    
   241.321564       121.333206    
   241.425491       121.372368    
   241.529419       121.411522    
   241.633347       121.450668    
   241.737274       121.489807    
   241.841202       121.528938    
   241.945129       121.568062    
   242.049057       121.607178    
   242.152985       121.646286    
   242.256912       121.685387    
   242.360840       121.724480    
   242.464767       121.763565    
   242.568695       121.802643    
   242.672623       121.841713    
   242.776550       121.880775    
   242.880478       121.919830    
   242.984406       121.958878    
   243.088333       121.997917    
   243.192261       122.036949    
   243.296188       122.075974    
   243.400116       122.114990    
   243.504044       122.153999    
   243.607971       122.193001    
   243.711899       122.231995    
   243.815826       122.270981    
   243.919754       122.309959    
   244.023682       122.348930    
   244.127609       122.387894    
   244.231537       122.426849    
   244.335464       122.465797    
   244.439392       122.504738    
   244.543320       122.543671    
   244.647247       122.582596    
   244.751175       122.621513    
   244.855103       122.660423    
   244.959030       122.699326    
   245.062958       122.738220    
   245.166885       122.777107    
   245.270813       122.815987    
   245.374741       122.854858    
   245.478668       122.893723    
   245.582596       122.932579    
   245.686523       122.971428    
   245.790451       123.010269    
   245.894379       123.049103    
   245.998306       123.087929    
   246.102234       123.126747    
   246.206161       123.165558    
   246.310089       123.204361    
   246.414017       123.243156    
   246.517944       123.281944    
   246.621872       123.320724    
   246.725800       123.359497    
   246.829727       123.398262    
   246.933655       123.437019    
   247.037582       123.475769    
   247.141510       123.514511    
   247.245438       123.553246    
   247.349365       123.591972    
   247.453293       123.630692    
   247.557220       123.669403    
   247.661148       123.708107    
   247.765076       123.746803    
   247.869003       123.785492    
   247.972931       123.824173    
   248.076859       123.862846    
   248.180786       123.901512    
   248.284714       123.940170    
   248.388641       123.978821    
   248.492569       124.017464    
   248.596497       124.056099    
   248.700424       124.094727    
   248.804352       124.133347    
   248.908279       124.171959    
   249.012207       124.210564    
   249.116135       124.249161    
   249.220062       124.287750    
   249.323990       124.326332    
   249.427917       124.364906    
   249.531845       124.403473    
   249.635773       124.442032    
   249.739700       124.480583    
   249.843628       124.519127    
   249.947556       124.557663    
   250.051483       124.596191    
   250.155411       124.634712    
   250.259338       124.673225    
   250.363266       124.711731    
   250.467194       124.750229    
   250.571121       124.788719    
   250.675049       124.827202    
   250.778976       124.865677    
   250.882904       124.904144    
   250.986832       124.942604    
   251.090759       124.981056    
   251.194687       125.019501    
   251.298615       125.057938    
   251.402542       125.096367    
   251.506470       125.134789    
   251.610397       125.173203    
   251.714325       125.211609    
   251.818253       125.250008    
   251.922180       125.288399    
   252.026108       125.326782    
   252.130035       125.365158    
   252.233963       125.403526    
   252.337891       125.441887    
   252.441818       125.480240    
   252.545746       125.518585    
   252.649673       125.556923    
   252.753601       125.595253    
   252.857529       125.633575    
   252.961456       125.671890    
   253.065384       125.710197    
   253.169312       125.748497    
   253.273239       125.786789    
   253.377167       125.825073    
   253.481094       125.863350    
   253.585022       125.901619    
   253.688950       125.939880    
   253.792877       125.978134    
   253.896805       126.016380    
   254.000732       126.054619    
   254.104660       126.092850    
   254.208588       126.131073    
   254.312515       126.169289    
   254.416443       126.207497    
   254.520370       126.245697    
   254.624298       126.283890    
   254.728226       126.322075    
   254.832153       126.360252    
   254.936081       126.398422    
   255.040009       126.436584    
   255.143936       126.474739    
   255.247864       126.512886    
   255.351791       126.551025    
   255.455719       126.589157    
   255.559647       126.627281    
   255.663574       126.665398    
   255.767502       126.703506    
   255.871429       126.741608    
   255.975357       126.779701    
   256.079285       126.817787    
   256.183228       126.855865    
   256.287170       126.893936    
   256.391113       126.931999    
   256.495056       126.970055    
   256.598999       127.008102    
   256.702942       127.046143    
   256.806885       127.084175    
   256.910828       127.122200    
   257.014771       127.160217    
   257.118713       127.198227    
   257.222656       127.236229    
   257.326599       127.274223    
   257.430542       127.312210    
   257.534485       127.350189    
   257.638428       127.388161    
   257.742371       127.426125    
   257.846313       127.464081    
   257.950256       127.502029    
   258.054199       127.539970    
   258.158142       127.577904    
   258.262085       127.615829    
   258.366028       127.653748    
   258.469971       127.691658    
   258.573914       127.729561    
   258.677856       127.767456    
   258.781799       127.805344    
   258.885742       127.843224    
   258.989685       127.881096    
   259.093628       127.918961    
   259.197571       127.956818    
   259.301514       127.994667    
   259.405457       128.032501    
   259.509399       128.070328    
   259.613342       128.108139    
   259.717285       128.145935    
   259.821228       128.183716    
   259.925171       128.221481    
   260.029114       128.259232    
   260.133057       128.296967    
   260.237000       128.334686    
   260.340942       128.372391    
   260.444885       128.410080    
   260.548828       128.447754    
   260.652771       128.485413    
   260.756714       128.523056    
   260.860657       128.560684    
   260.964600       128.598297    
   261.068542       128.635895    
   261.172485       128.673477    
   261.276428       128.711044    
   261.380371       128.748596    
   261.484314       128.786133    
   261.588257       128.823654    
   261.692200       128.861160    
   261.796143       128.898651    
   261.900085       128.936127    
   262.004028       128.973587    
   262.107971       129.011032    
   262.211914       129.048462    
   262.315857       129.085876    
   262.419800       129.123276    
   262.523743       129.160660    
   262.627686       129.198029    
   262.731628       129.235382    
   262.835571       129.272720    
   262.939514       129.310043    
   263.043457       129.347351    
   263.147400       129.384644    
   263.251343       129.421921    
   263.355286       129.459183    
   263.459229       129.496429    
   263.563171       129.533661    
   263.667114       129.570877    
   263.771057       129.608078    
   263.875000       129.645264    
   263.978943       129.682434    
   264.082886       129.719589    
   264.186829       129.756729    
   264.290771       129.793854    
   264.394714       129.830963    
   264.498657       129.868057    
   264.602600       129.905136    
   264.706543       129.942200    
   264.810486       129.979248    
   264.914429       130.016281    
   265.018372       130.053299    
   265.122314       130.090302    
   265.226257       130.127289    
   265.330200       130.164261    
   265.434143       130.201218    
   265.538086       130.238159    
   265.642029       130.275085    
   265.745972       130.311996    
   265.849915       130.348892    
   265.953857       130.385773    
   266.057800       130.422638    
   266.161743       130.459488    
   266.265686       130.496323    
   266.369629       130.533142    
   266.473572       130.569946    
   266.577515       130.606735    
   266.681458       130.643509    
   266.785400       130.680267    
   266.889343       130.717010    
   266.993286       130.753738    
   267.097229       130.790451    
   267.201172       130.827148    
   267.305115       130.863831    
   267.409058       130.900497    
   267.513000       130.937149    
   267.616943       130.973785    
   267.720886       131.010406    
   267.824829       131.047012    
   267.928772       131.083603    
   268.032715       131.120178    
   268.136658       131.156738    
   268.240601       131.193283    
   268.344543       131.229813    
   268.448486       131.266327    
   268.552429       131.302826    
   268.656372       131.339310    
   268.760315       131.375778    
   268.864258       131.412231    
   268.968201       131.448669    
   269.072144       131.485092    
   269.176086       131.521500    
   269.280029       131.557892    
   269.383972       131.594269    
   269.487915       131.630630    
   269.591858       131.666977    
   269.695801       131.703308    
   269.799744       131.739624    
   269.903687       131.775925    
   270.007629       131.812210    
   270.111572       131.848480    
   270.215515       131.884735    
   270.319458       131.920975    
   270.423401       131.957199    
   270.527344       131.993408    
   270.631287       132.029602    
   270.735229       132.065781    
   270.839172       132.101944    
   270.943115       132.138092    
   271.047058       132.174225    
   271.151001       132.210342    
   271.254944       132.246445    
   271.358887       132.282532    
   271.462830       132.318604    
   271.566772       132.354660    
   271.670715       132.390701    
   271.774658       132.426727    
   271.878601       132.462738    
   271.982544       132.498734    
   272.086487       132.534714    
   272.190430       132.570679    
   272.294373       132.606628    
   272.398315       132.642563    
   272.502258       132.678482    
   272.606201       132.714386    
   272.710144       132.750275    
   272.814087       132.786148    
   272.918030       132.822006    
   273.021973       132.857849    
   273.125916       132.893677    
   273.229858       132.929489    
   273.333801       132.965286    
   273.437744       133.001068    
   273.541687       133.036835    
   273.645630       133.072586    
   273.749573       133.108322    
   273.853516       133.144043    
   273.957458       133.179749    
   274.061401       133.215439    
   274.165344       133.251114    
   274.269287       133.286774    
   274.373230       133.322418    
   274.477173       133.358047    
   274.581116       133.393661    
   274.685059       133.429260    
   274.789001       133.464844    
   274.892944       133.500412    
   274.996887       133.535965    
   275.100830       133.571503    
   275.204773       133.607025    
   275.308716       133.642532    
   275.412659       133.678024    
   275.516602       133.713501    
   275.620544       133.748962    
   275.724487       133.784409    
   275.828430       133.819839    
   275.932373       133.855255    
   276.036316       133.890656    
   276.140259       133.926041    
   276.244202       133.961411    
   276.348145       133.996765    
   276.452087       134.032104    
   276.556030       134.067429    
   276.659973       134.102737    
   276.763916       134.138031    
   276.867859       134.173309    
   276.971802       134.208572    
   277.075745       134.243820    
   277.179688       134.279053    
   277.283630       134.314270    
   277.387573       134.349472    
   277.491516       134.384659    
   277.595459       134.419830    
   277.699402       134.454987    
   277.803345       134.490128    
   277.907288       134.525253    
   278.011230       134.560364    
   278.115173       134.595459    
   278.219116       134.630539    
   278.323059       134.665604    
   278.427002       134.700653    
   278.530945       134.735687    
   278.634888       134.770706    
   278.738831       134.805710    
   278.842773       134.840698    
   278.946716       134.875671    
   279.050659       134.910629    
   279.154602       134.945572    
   279.258545       134.980499    
   279.362488       135.015411    
   279.466431       135.050308    
   279.570374       135.085190    
   279.674316       135.120056    
   279.778259       135.154907    
   279.882202       135.189743    
   279.986145       135.224564    
   280.090088       135.259369    
   280.194031       135.294159    
   280.297974       135.328934    
   280.401917       135.363693    
   280.505859       135.398438    
   280.609802       135.433167    
   280.713745       135.467880    
   280.817688       135.502579    
   280.921631       135.537262    
   281.025574       135.571930    
   281.129517       135.606583    
   281.233459       135.641220    
   281.337402       135.675842    
   281.441345       135.710449    
   281.545288       135.745041    
   281.649231       135.779617    
   281.753174       135.814178    
   281.857117       135.848724    
   281.961060       135.883255    
   282.065002       135.917770    
   282.168945       135.952271    
   282.272888       135.986755    
   282.376831       136.021225    
   282.480774       136.055679    
   282.584717       136.090118    
   282.688660       136.124542    
   282.792603       136.158951    
   282.896545       136.193344    
   283.000488       136.227722    
   283.104431       136.262085    
   283.208374       136.296432    
   283.312317       136.330765    
   283.416260       136.365082    
   283.520203       136.399384    
   283.624146       136.433670    
   283.728088       136.467941    
   283.832031       136.502197    
   283.935974       136.536438    
   284.039917       136.570663    
   284.143860       136.604874    
   284.247803       136.639069    
   284.351746       136.673248    
   284.455688       136.707413    
   284.559631       136.741562    
   284.663574       136.775696    
   284.767517       136.809814    
   284.871460       136.843918    
   284.975403       136.878006    
   285.079346       136.912079    
   285.183289       136.946136    
   285.287231       136.980179    
   285.391174       137.014206    
   285.495117       137.048218    
   285.599060       137.082214    
   285.703003       137.116196    
   285.806946       137.150162    
   285.910889       137.184113    
   286.014832       137.218048    
   286.118774       137.251968    
   286.222717       137.285873    
   286.326660       137.319763    
   286.430603       137.353638    
   286.534546       137.387497    
   286.638489       137.421341    
   286.742432       137.455170    
   286.846375       137.488983    
   286.950317       137.522781    
   287.054260       137.556564    
   287.158203       137.590332    
   287.262146       137.624084    
   287.366089       137.657822    
   287.470032       137.691544    
   287.573975       137.725250    
   287.677917       137.758942    
   287.781860       137.792618    
   287.885803       137.826279    
   287.989746       137.859924    
   288.093689       137.893555    
   288.197632       137.927170    
   288.301575       137.960770    
   288.405518       137.994354    
   288.509460       138.027924    
   288.613403       138.061478    
   288.717346       138.095016    
   288.821289       138.128540    
   288.925232       138.162048    
   289.029175       138.195541    
   289.133118       138.229019    
   289.237061       138.262482    
   289.341003       138.295929    
   289.444946       138.329361    
   289.548889       138.362778    
   289.652832       138.396179    
   289.756775       138.429565    
   289.860718       138.462936    
   289.964661       138.496292    
   290.068604       138.529633    
   290.172546       138.562958    
   290.276489       138.596268    
   290.380432       138.629562    
   290.484375       138.662842    
   290.588318       138.696106    
   290.692261       138.729355    
   290.796204       138.762589    
   290.900146       138.795807    
   291.004089       138.829010    
   291.108032       138.862198    
   291.211975       138.895370    
   291.315918       138.928528    
   291.419861       138.961670    
   291.523804       138.994797    
   291.627747       139.027908    
   291.731689       139.061005    
   291.835632       139.094086    
   291.939575       139.127151    
   292.043518       139.160202    
   292.147461       139.193237    
   292.251404       139.226257    
   292.355347       139.259262    
   292.459290       139.292252    
   292.563232       139.325226    
   292.667175       139.358185    
   292.771118       139.391129    
   292.875061       139.424057    
   292.979004       139.456970    
   293.082947       139.489868    
   293.186890       139.522751    
   293.290833       139.555618    
   293.394775       139.588470    
   293.498718       139.621307    
   293.602661       139.654129    
   293.706604       139.686935    
   293.810547       139.719727    
   293.914490       139.752502    
   294.018433       139.785263    
   294.122375       139.818008    
   294.226318       139.850739    
   294.330261       139.883453    
   294.434204       139.916153    
   294.538147       139.948837    
   294.642090       139.981506    
   294.746033       140.014160    
   294.849976       140.046799    
   294.953918       140.079422    
   295.057861       140.112030    
   295.161804       140.144623    
   295.265747       140.177200    
   295.369690       140.209763    
   295.473633       140.242310    
   295.577576       140.274841    
   295.681519       140.307358    
   295.785461       140.339859    
   295.889404       140.372345    
   295.993347       140.404816    
   296.097290       140.437271    
   296.201233       140.469711    
   296.305176       140.502136    
   296.409119       140.534546    
   296.513062       140.566940    
   296.617004       140.599319    
   296.720947       140.631683    
   296.824890       140.664032    
   296.928833       140.696365    
   297.032776       140.728683    
   297.136719       140.760986    
   297.240662       140.793274    
   297.344604       140.825546    
   297.448547       140.857803    
   297.552490       140.890045    
   297.656433       140.922272    
   297.760376       140.954483    
   297.864319       140.986679    
   297.968262       141.018860    
   298.072205       141.051025    
   298.176147       141.083176    
   298.280090       141.115311    
   298.384033       141.147430    
   298.487976       141.179535    
   298.591919       141.211624    
   298.695862       141.243698    
   298.799805       141.275757    
   298.903748       141.307800    
   299.007690       141.339828    
   299.111633       141.371841    
   299.215576       141.403839    
   299.319519       141.435822    
   299.423462       141.467789    
   299.527405       141.499741    
   299.631348       141.531677    
   299.735291       141.563599    
   299.839233       141.595505    
   299.943176       141.627396    
   300.047119       141.659271    
   300.151062       141.691132    
   300.255005       141.722977    
   300.358948       141.754807    
   300.462891       141.786621    
   300.566833       141.818420    
   300.670776       141.850204    
   300.774719       141.881973    
   300.878662       141.913727    
   300.982605       141.945465    
   301.086548       141.977188    
   301.190491       142.008896    
   301.294434       142.040588    
   301.398376       142.072266    
   301.502319       142.103928    
   301.606262       142.135574    
   301.710205       142.167206    
   301.814148       142.198822    
   301.918091       142.230423    
   302.022034       142.262009    
   302.125977       142.293579    
   302.229919       142.325134    
   302.333862       142.356674    
   302.437805       142.388199    
   302.541748       142.419708    
   302.645691       142.451202    
   302.749634       142.482681    
   302.853577       142.514145    
   302.957520       142.545593    
   303.061462       142.577026    
   303.165405       142.608444    
   303.269348       142.639847    
   303.373291       142.671234    
   303.477234       142.702606    
   303.581177       142.733963    
   303.685120       142.765305    
   303.789062       142.796631    
   303.893005       142.827942    
   303.996948       142.859238    
   304.100891       142.890518    
   304.204834       142.921783    
   304.308777       142.953033    
   304.412720       142.984268    
   304.516663       143.015488    
   304.620605       143.046692    
   304.724548       143.077881    
   304.828491       143.109055    
   304.932434       143.140213    
   305.036377       143.171356    
   305.140320       143.202484    
   305.244263       143.233597    
   305.348206       143.264694    
   305.452148       143.295776    
   305.556091       143.326843    
   305.660034       143.357895    
   305.763977       143.388931    
   305.867920       143.419952    
   305.971863       143.450958    
   306.075806       143.481949    
   306.179749       143.512924    
   306.283691       143.543884    
   306.387634       143.574829    
   306.491577       143.605759    
   306.595520       143.636673    
   306.699463       143.667572    
   306.803406       143.698456    
   306.907349       143.729324    
   307.011292       143.760178    
   307.115234       143.791016    
   307.219177       143.821838    
   307.323120       143.852646    
   307.427063       143.883438    
   307.531006       143.914215    
   307.634949       143.944977    
   307.738892       143.975723    
   307.842834       144.006454    
   307.946777       144.037170    
   308.050720       144.067871    
   308.154663       144.098557    
   308.258606       144.129227    
   308.362549       144.159882    
   308.466492       144.190521    
   308.570435       144.221146    
   308.674377       144.251755    
   308.778320       144.282349    
   308.882263       144.312927    
   308.986206       144.343491    
   309.090149       144.374039    
   309.194092       144.404572    
   309.298035       144.435089    
   309.401978       144.465591    
   309.505920       144.496078    
   309.609863       144.526550    
   309.713806       144.557007    
   309.817749       144.587448    
   309.921692       144.617874    
   310.025635       144.648285    
   310.129578       144.678680    
   310.233521       144.709061    
   310.337463       144.739426    
   310.441406       144.769775    
   310.545349       144.800110    
   310.649292       144.830429    
   310.753235       144.860733    
   310.857178       144.891022    
   310.961121       144.921295    
   311.065063       144.951553    
   311.169006       144.981796    
   311.272949       145.012024    
   311.376892       145.042236    
   311.480835       145.072433    
   311.584778       145.102615    
   311.688721       145.132782    
   311.792664       145.162933    
   311.896606       145.193069    
   312.000549       145.223190    
   312.104492       145.253296    
   312.208435       145.283386    
   312.312378       145.313461    
   312.416321       145.343521    
   312.520264       145.373566    
   312.624207       145.403595    
   312.728149       145.433609    
   312.832092       145.463608    
   312.936035       145.493591    
   313.039978       145.523560    
   313.143921       145.553513    
   313.247864       145.583450    
   313.351807       145.613373    
   313.455750       145.643280    
   313.559692       145.673172    
   313.663635       145.703049    
   313.767578       145.732910    
   313.871521       145.762756    
   313.975464       145.792587    
   314.079407       145.822403    
   314.183350       145.852203    
   314.287292       145.881989    
   314.391235       145.911758    
   314.495178       145.941513    
   314.599121       145.971252    
   314.703064       146.000977    
   314.807007       146.030685    
   314.910950       146.060379    
   315.014893       146.090057    
   315.118835       146.119720    
   315.222778       146.149368    
   315.326721       146.179001    
   315.430664       146.208618    
   315.534607       146.238220    
   315.638550       146.267807    
   315.742493       146.297379    
   315.846436       146.326935    
   315.950378       146.356476    
   316.054321       146.386002    
   316.158264       146.415512    
   316.262207       146.445007    
   316.366150       146.474487    
   316.470093       146.503952    
   316.574036       146.533401    
   316.677979       146.562836    
   316.781921       146.592255    
   316.885864       146.621658    
   316.989807       146.651047    
   317.093750       146.680420    
   317.197693       146.709778    
   317.301636       146.739120    
   317.405579       146.768448    
   317.509521       146.797760    
   317.613464       146.827057    
   317.717407       146.856339    
   317.821350       146.885605    
   317.925293       146.914856    
   318.029236       146.944092    
   318.133179       146.973312    
   318.237122       147.002518    
   318.341064       147.031708    
   318.445007       147.060883    
   318.548950       147.090042    
   318.652893       147.119186    
   318.756836       147.148315    
   318.860779       147.177429    
   318.964722       147.206528    
   319.068665       147.235611    
   319.172607       147.264679    
   319.276550       147.293732    
   319.380493       147.322769    
   319.484436       147.351791    
   319.588379       147.380798    
   319.692322       147.409790    
   319.796265       147.438766    
   319.900208       147.467728    
   320.004150       147.496674    
   320.108093       147.525604    
   320.212036       147.554520    
   320.315979       147.583420    
   320.419922       147.612305    
   320.523865       147.641174    
   320.627808       147.670029    
   320.731750       147.698868    
   320.835693       147.727692    
   320.939636       147.756500    
   321.043579       147.785294    
   321.147522       147.814072    
   321.251465       147.842834    
   321.355408       147.871582    
   321.459351       147.900314    
   321.563293       147.929031    
   321.667236       147.957733    
   321.771179       147.986420    
   321.875122       148.015091    
   321.979065       148.043747    
   322.083008       148.072388    
   322.186951       148.101013    
   322.290894       148.129623    
   322.394836       148.158218    
   322.498779       148.186798    
   322.602722       148.215363    
   322.706665       148.243912    
   322.810608       148.272446    
   322.914551       148.300964    
   323.018494       148.329468    
   323.122437       148.357956    
   323.226379       148.386429    
   323.330322       148.414886    
   323.434265       148.443329    
   323.538208       148.471756    
   323.642151       148.500168    
   323.746094       148.528564    
   323.850037       148.556946    
   323.953979       148.585312    
   324.057922       148.613663    
   324.161865       148.641998    
   324.265808       148.670319    
   324.369751       148.698624    
   324.473694       148.726913    
   324.577637       148.755188    
   324.681580       148.783447    
   324.785522       148.811691    
   324.889465       148.839920    
   324.993408       148.868134    
   325.097351       148.896332    
   325.201294       148.924515    
   325.305237       148.952682    
   325.409180       148.980835    
   325.513123       149.008972    
   325.617065       149.037094    
   325.721008       149.065201    
   325.824951       149.093292    
   325.928894       149.121368    
   326.032837       149.149429    
   326.136780       149.177475    
   326.240723       149.205505    
   326.344666       149.233521    
   326.448608       149.261520    
   326.552551       149.289505    
   326.656494       149.317474    
   326.760437       149.345428    
   326.864380       149.373367    
   326.968323       149.401291    
   327.072266       149.429199    
   327.176208       149.457092    
   327.280151       149.484970    
   327.384094       149.512833    
   327.488037       149.540680    
   327.591980       149.568512    
   327.695923       149.596329    
   327.799866       149.624130    
   327.903809       149.651917    
   328.007751       149.679688    
   328.111694       149.707443    
   328.215637       149.735184    
   328.319580       149.762909    
   328.423523       149.790619    
   328.527466       149.818314    
   328.631409       149.845993    
   328.735352       149.873657    
   328.839294       149.901306    
   328.943237       149.928940    
   329.047180       149.956558    
   329.151123       149.984161    
   329.255066       150.011749    
   329.359009       150.039322    
   329.462952       150.066879    
   329.566895       150.094421    
   329.670837       150.121948    
   329.774780       150.149460    
   329.878723       150.176956    
   329.982666       150.204437    
   330.086609       150.231903    
   330.190552       150.259354    
   330.294495       150.286789    
   330.398438       150.314209    
   330.502380       150.341614    
   330.606323       150.369003    
   330.710266       150.396378    
   330.814209       150.423737    
   330.918152       150.451080    
   331.022095       150.478409    
   331.126038       150.505722    
   331.229980       150.533020    
   331.333923       150.560303    
   331.437866       150.587570    
   331.541809       150.614822    
   331.645752       150.642059    
   331.749695       150.669281    
   331.853638       150.696487    
   331.957581       150.723679    
   332.061523       150.750854    
   332.165466       150.778015    
   332.269409       150.805161    
   332.373352       150.832291    
   332.477295       150.859406    
   332.581238       150.886505    
   332.685181       150.913589    
   332.789124       150.940659    
   332.893066       150.967712    
   332.997009       150.994751    
   333.100952       151.021774    
   333.204895       151.048782    
   333.308838       151.075775    
   333.412781       151.102753    
   333.516724       151.129715    
   333.620667       151.156662    
   333.724609       151.183594    
   333.828552       151.210510    
   333.932495       151.237411    
   334.036438       151.264297    
   334.140381       151.291168    
   334.244324       151.318024    
   334.348267       151.344864    
   334.452209       151.371689    
   334.556152       151.398499    
   334.660095       151.425293    
   334.764038       151.452072    
   334.867981       151.478836    
   334.971924       151.505585    
   335.075867       151.532318    
   335.179810       151.559036    
   335.283752       151.585739    
   335.387695       151.612427    
   335.491638       151.639099    
   335.595581       151.665756    
   335.699524       151.692398    
   335.803467       151.719025    
   335.907410       151.745636    
   336.011353       151.772232    
   336.115295       151.798813    
   336.219238       151.825378    
   336.323181       151.851929    
   336.427124       151.878464    
   336.531067       151.904984    
   336.635010       151.931488    
   336.738953       151.957977    
   336.842896       151.984451    
   336.946838       152.010910    
   337.050781       152.037354    
   337.154724       152.063782    
   337.258667       152.090195    
   337.362610       152.116592    
   337.466553       152.142975    
   337.570496       152.169342    
   337.674438       152.195694    
   337.778381       152.222031    
   337.882324       152.248352    
   337.986267       152.274658    
   338.090210       152.300949    
   338.194153       152.327225    
   338.298096       152.353485    
   338.402039       152.379730    
   338.505981       152.405960    
   338.609924       152.432175    
   338.713867       152.458374    
   338.817810       152.484558    
   338.921753       152.510727    
   339.025696       152.536880    
   339.129639       152.563019    
   339.233582       152.589142    
   339.337524       152.615250    
   339.441467       152.641342    
   339.545410       152.667419    
   339.649353       152.693481    
   339.753296       152.719528    
   339.857239       152.745560    
   339.961182       152.771576    
   340.065125       152.797577    
   340.169067       152.823563    
   340.273010       152.849533    
   340.376953       152.875488    
   340.480896       152.901428    
   340.584839       152.927353    
   340.688782       152.953262    
   340.792725       152.979156    
   340.896667       153.005035    
   341.000610       153.030899    
   341.104553       153.056747    
   341.208496       153.082581    
   341.312439       153.108398    
   341.416382       153.134201    
   341.520325       153.159988    
   341.624268       153.185760    
   341.728210       153.211517    
   341.832153       153.237259    
   341.936096       153.262985    
   342.040039       153.288696    
   342.143982       153.314392    
   342.247925       153.340073    
   342.351868       153.365738    
   342.455811       153.391388    
   342.559753       153.417023    
   342.663696       153.442642    
   342.767639       153.468246    
   342.871582       153.493835    
   342.975525       153.519409    
   343.079468       153.544968    
   343.183411       153.570511    
   343.287354       153.596039    
   343.391296       153.621552    
   343.495239       153.647049    
   343.599182       153.672531    
   343.703125       153.697998    
   343.807068       153.723450    
   343.911011       153.748886    
   344.014954       153.774307    
   344.118896       153.799713    
   344.222839       153.825104    
   344.326782       153.850479    
   344.430725       153.875839    
   344.534668       153.901184    
   344.638611       153.926514    
   344.742554       153.951828    
   344.846497       153.977127    
   344.950439       154.002411    
   345.054382       154.027679    
   345.158325       154.052933    
   345.262268       154.078171    
   345.366211       154.103394    
   345.470154       154.128601    
   345.574097       154.153793    
   345.678040       154.178970    
   345.781982       154.204132    
   345.885925       154.229279    
   345.989868       154.254410    
   346.093811       154.279526    
   346.197754       154.304626    
   346.301697       154.329712    
   346.405640       154.354782    
   346.509583       154.379837    
   346.613525       154.404877    
   346.717468       154.429901    
   346.821411       154.454910    
   346.925354       154.479904    
   347.029297       154.504883    
   347.133240       154.529846    
   347.237183       154.554794    
   347.341125       154.579727    
   347.445068       154.604645    
   347.549011       154.629547    
   347.652954       154.654434    
   347.756897       154.679306    
   347.860840       154.704163    
   347.964783       154.729004    
   348.068726       154.753830    
   348.172668       154.778641    
   348.276611       154.803436    
   348.380554       154.828217    
   348.484497       154.852982    
   348.588440       154.877731    
   348.692383       154.902466    
   348.796326       154.927185    
   348.900269       154.951889    
   349.004211       154.976578    
   349.108154       155.001251    
   349.212097       155.025909    
   349.316040       155.050552    
   349.419983       155.075180    
   349.523926       155.099792    
   349.627869       155.124390    
   349.731812       155.148972    
   349.835754       155.173538    
   349.939697       155.198090    
   350.043640       155.222626    
   350.147583       155.247147    
   350.251526       155.271652    
   350.355469       155.296143    
   350.459412       155.320618    
   350.563354       155.345078    
   350.667297       155.369522    
   350.771240       155.393951    
   350.875183       155.418365    
   350.979126       155.442764    
   351.083069       155.467148    
   351.187012       155.491516    
   351.290955       155.515869    
   351.394897       155.540207    
   351.498840       155.564529    
   351.602783       155.588837    
   351.706726       155.613129    
   351.810669       155.637405    
   351.914612       155.661667    
   352.018555       155.685913    
   352.122498       155.710144    
   352.226440       155.734360    
   352.330383       155.758560    
   352.434326       155.782745    
   352.538269       155.806915    
   352.642212       155.831070    
   352.746155       155.855209    
   352.850098       155.879333    
   352.954041       155.903442    
   353.057983       155.927536    
   353.161926       155.951614    
   353.265869       155.975677    
   353.369812       155.999725    
   353.473755       156.023758    
   353.577698       156.047775    
   353.681641       156.071777    
   353.785583       156.095764    
   353.889526       156.119736    
   353.993469       156.143692    
   354.097412       156.167633    
   354.201355       156.191559    
   354.305298       156.215469    
   354.409241       156.239365    
   354.513184       156.263245    
   354.617126       156.287109    
   354.721069       156.310959    
   354.825012       156.334793    
   354.928955       156.358612    
   355.032898       156.382416    
   355.136841       156.406204    
   355.240784       156.429977    
   355.344727       156.453735    
   355.448669       156.477478    
   355.552612       156.501205    
   355.656555       156.524918    
   355.760498       156.548615    
   355.864441       156.572296    
   355.968384       156.595963    
   356.072327       156.619614    
   356.176270       156.643250    
   356.280212       156.666870    
   356.384155       156.690475    
   356.488098       156.714066    
   356.592041       156.737640    
   356.695984       156.761200    
   356.799927       156.784744    
   356.903870       156.808273    
   357.007812       156.831787    
   357.111755       156.855286    
   357.215698       156.878769    
   357.319641       156.902237    
   357.423584       156.925690    
   357.527527       156.949127    
   357.631470       156.972549    
   357.735413       156.995956    
   357.839355       157.019348    
   357.943298       157.042725    
   358.047241       157.066086    
   358.151184       157.089432    
   358.255127       157.112762    
   358.359070       157.136078    
   358.463013       157.159378    
   358.566956       157.182663    
   358.670898       157.205933    
   358.774841       157.229187    
   358.878784       157.252426    
   358.982727       157.275650    
   359.086670       157.298859    
   359.190613       157.322052    
   359.294556       157.345230    
   359.398499       157.368393    
   359.502441       157.391541    
   359.606384       157.414673    
   359.710327       157.437790    
   359.814270       157.460892    
   359.918213       157.483978    
   360.022156       157.507050    
   360.126099       157.530106    
   360.230042       157.553146    
   360.333984       157.576172    
   360.437927       157.599182    
   360.541870       157.622177    
   360.645813       157.645157    
   360.749756       157.668121    
   360.853699       157.691071    
   360.957642       157.714005    
   361.061584       157.736923    
   361.165527       157.759827    
   361.269470       157.782715    
   361.373413       157.805588    
   361.477356       157.828445    
   361.581299       157.851288    
   361.685242       157.874115    
   361.789185       157.896927    
   361.893127       157.919724    
   361.997070       157.942505    
   362.101013       157.965271    
   362.204956       157.988022    
   362.308899       158.010757    
   362.412842       158.033478    
   362.516785       158.056183    
   362.620728       158.078873    
   362.724670       158.101547    
   362.828613       158.124207    
   362.932556       158.146851    
   363.036499       158.169479    
   363.140442       158.192093    
   363.244385       158.214691    
   363.348328       158.237274    
   363.452271       158.259842    
   363.556213       158.282394    
   363.660156       158.304932    
   363.764099       158.327454    
   363.868042       158.349960    
   363.971985       158.372452    
   364.075928       158.394928    
   364.179871       158.417389    
   364.283813       158.439835    
   364.387756       158.462265    
   364.491699       158.484680    
   364.595642       158.507080    
   364.699585       158.529465    
   364.803528       158.551834    
   364.907471       158.574188    
   365.011414       158.596527    
   365.115356       158.618851    
   365.219299       158.641159    
   365.323242       158.663452    
   365.427185       158.685730    
   365.531128       158.707993    
   365.635071       158.730240    
   365.739014       158.752472    
   365.842957       158.774689    
   365.946899       158.796890    
   366.050842       158.819077    
   366.154785       158.841248    
   366.258728       158.863403    
   366.362671       158.885544    
   366.466614       158.907669    
   366.570557       158.929779    
   366.674500       158.951874    
   366.778442       158.973953    
   366.882385       158.996017    
   366.986328       159.018066    
   367.090271       159.040100    
   367.194214       159.062119    
   367.298157       159.084122    
   367.402100       159.106110    
   367.506042       159.128082    
   367.609985       159.150040    
   367.713928       159.171982    
   367.817871       159.193909    
   367.921814       159.215820    
   368.025757       159.237717    
   368.129700       159.259598    
   368.233643       159.281464    
   368.337585       159.303314    
   368.441528       159.325150    
   368.545471       159.346970    
   368.649414       159.368774    
   368.753357       159.390564    
   368.857300       159.412338    
   368.961243       159.434097    
   369.065186       159.455841    
   369.169128       159.477570    
   369.273071       159.499283    
   369.377014       159.520981    
   369.480957       159.542664    
   369.584900       159.564331    
   369.688843       159.585983    
   369.792786       159.607620    
   369.896729       159.629242    
   370.000671       159.650848    
   370.104614       159.672440    
   370.208557       159.694016    
   370.312500       159.715576    
   370.416443       159.737122    
   370.520386       159.758652    
   370.624329       159.780167    
   370.728271       159.801666    
   370.832214       159.823151    
   370.936157       159.844620    
   371.040100       159.866074    
   371.144043       159.887512    
   371.247986       159.908936    
   371.351929       159.930344    
   371.455872       159.951736    
   371.559814       159.973114    
   371.663757       159.994476    
   371.767700       160.015823    
   371.871643       160.037155    
   371.975586       160.058472    
   372.079529       160.079773    
   372.183472       160.101059    
   372.287415       160.122330    
   372.391357       160.143585    
   372.495300       160.164825    
   372.599243       160.186050    
   372.703186       160.207260    
   372.807129       160.228455    
   372.911072       160.249634    
   373.015015       160.270798    
   373.118958       160.291946    
   373.222900       160.313080    
   373.326843       160.334198    
   373.430786       160.355301    
   373.534729       160.376389    
   373.638672       160.397461    
   373.742615       160.418518    
   373.846558       160.439560    
   373.950500       160.460587    
   374.054443       160.481598    
   374.158386       160.502594    
   374.262329       160.523575    
   374.366272       160.544540    
   374.470215       160.565491    
   374.574158       160.586426    
   374.678101       160.607346    
   374.782043       160.628250    
   374.885986       160.649139    
   374.989929       160.670013    
   375.093872       160.690872    
   375.197815       160.711716    
   375.301758       160.732544    
   375.405701       160.753357    
   375.509644       160.774155    
   375.613586       160.794937    
   375.717529       160.815704    
   375.821472       160.836456    
   375.925415       160.857193    
   376.029358       160.877914    
   376.133301       160.898621    
   376.237244       160.919312    
   376.341187       160.939987    
   376.445129       160.960648    
   376.549072       160.981293    
   376.653015       161.001923    
   376.756958       161.022537    
   376.860901       161.043137    
   376.964844       161.063721    
   377.068787       161.084290    
   377.172729       161.104843    
   377.276672       161.125381    
   377.380615       161.145905    
   377.484558       161.166412    
   377.588501       161.186905    
   377.692444       161.207382    
   377.796387       161.227844    
   377.900330       161.248291    
   378.004272       161.268723    
   378.108215       161.289139    
   378.212158       161.309540    
   378.316101       161.329926    
   378.420044       161.350296    
   378.523987       161.370651    
   378.627930       161.390991    
   378.731873       161.411316    
   378.835815       161.431625    
   378.939758       161.451920    
   379.043701       161.472198    
   379.147644       161.492462    
   379.251587       161.512711    
   379.355530       161.532944    
   379.459473       161.553162    
   379.563416       161.573364    
   379.667358       161.593552    
   379.771301       161.613724    
   379.875244       161.633881    
   379.979187       161.654022    
   380.083130       161.674149    
   380.187073       161.694260    
   380.291016       161.714355    
   380.394958       161.734436    
   380.498901       161.754501    
   380.602844       161.774551    
   380.706787       161.794586    
   380.810730       161.814606    
   380.914673       161.834610    
   381.018616       161.854599    
   381.122559       161.874573    
   381.226501       161.894531    
   381.330444       161.914474    
   381.434387       161.934402    
   381.538330       161.954315    
   381.642273       161.974213    
   381.746216       161.994095    
   381.850159       162.013962    
   381.954102       162.033813    
   382.058044       162.053650    
   382.161987       162.073471    
   382.265930       162.093277    
   382.369873       162.113068    
   382.473816       162.132843    
   382.577759       162.152603    
   382.681702       162.172348    
   382.785645       162.192078    
   382.889587       162.211792    
   382.993530       162.231491    
   383.097473       162.251175    
   383.201416       162.270844    
   383.305359       162.290497    
   383.409302       162.310135    
   383.513245       162.329758    
   383.617188       162.349365    
   383.721130       162.368958    
   383.825073       162.388535    
   383.929016       162.408096    
   384.032959       162.427643    
   384.136902       162.447174    
   384.240845       162.466690    
   384.344788       162.486191    
   384.448730       162.505676    
   384.552673       162.525146    
   384.656616       162.544601    
   384.760559       162.564041    
   384.864502       162.583466    
   384.968445       162.602875    
   385.072388       162.622269    
   385.176331       162.641647    
   385.280273       162.661011    
   385.384216       162.680359    
   385.488159       162.699692    
   385.592102       162.719009    
   385.696045       162.738312    
   385.799988       162.757599    
   385.903931       162.776871    
   386.007874       162.796127    
   386.111816       162.815369    
   386.215759       162.834595    
   386.319702       162.853806    
   386.423645       162.873001    
   386.527588       162.892181    
   386.631531       162.911346    
   386.735474       162.930496    
   386.839417       162.949631    
   386.943359       162.968750    
   387.047302       162.987854    
   387.151245       163.006943    
   387.255188       163.026016    
   387.359131       163.045074    
   387.463074       163.064117    
   387.567017       163.083145    
   387.670959       163.102158    
   387.774902       163.121155    
   387.878845       163.140137    
   387.982788       163.159103    
   388.086731       163.178055    
   388.190674       163.196991    
   388.294617       163.215912    
   388.398560       163.234818    
   388.502502       163.253708    
   388.606445       163.272583    
   388.710388       163.291443    
   388.814331       163.310287    
   388.918274       163.329117    
   389.022217       163.347931    
   389.126160       163.366730    
   389.230103       163.385513    
   389.334045       163.404282    
   389.437988       163.423035    
   389.541931       163.441772    
   389.645874       163.460495    
   389.749817       163.479202    
   389.853760       163.497894    
   389.957703       163.516571    
   390.061646       163.535233    
   390.165588       163.553879    
   390.269531       163.572510    
   390.373474       163.591125    
   390.477417       163.609726    
   390.581360       163.628311    
   390.685303       163.646881    
   390.789246       163.665436    
   390.893188       163.683975    
   390.997131       163.702499    
   391.101074       163.721008    
   391.205017       163.739502    
   391.308960       163.757980    
   391.412903       163.776443    
   391.516846       163.794891    
   391.620789       163.813324    
   391.724731       163.831741    
   391.828674       163.850143    
   391.932617       163.868530    
   392.036560       163.886902    
   392.140503       163.905258    
   392.244446       163.923599    
   392.348389       163.941925    
   392.452332       163.960236    
   392.556274       163.978531    
   392.660217       163.996811    
   392.764160       164.015076    
   392.868103       164.033325    
   392.972046       164.051559    
   393.075989       164.069778    
   393.179932       164.087982    
   393.283875       164.106171    
   393.387817       164.124344    
   393.491760       164.142502    
   393.595703       164.160645    
   393.699646       164.178772    
   393.803589       164.196884    
   393.907532       164.214981    
   394.011475       164.233063    
   394.115417       164.251129    
   394.219360       164.269180    
   394.323303       164.287216    
   394.427246       164.305237    
   394.531189       164.323242    
   394.635132       164.341232    
   394.739075       164.359207    
   394.843018       164.377167    
   394.946960       164.395111    
   395.050903       164.413040    
   395.154846       164.430954    
   395.258789       164.448853    
   395.362732       164.466736    
   395.466675       164.484604    
   395.570618       164.502457    
   395.674561       164.520294    
   395.778503       164.538116    
   395.882446       164.555923    
   395.986389       164.573715    
   396.090332       164.591492    
   396.194275       164.609253    
   396.298218       164.626999    
   396.402161       164.644730    
   396.506104       164.662445    
   396.610046       164.680145    
   396.713989       164.697830    
   396.817932       164.715500    
   396.921875       164.733154    
   397.025818       164.750793    
   397.129761       164.768417    
   397.233704       164.786026    
   397.337646       164.803619    
   397.441589       164.821198    
   397.545532       164.838760    
   397.649475       164.856308    
   397.753418       164.873840    
   397.857361       164.891357    
   397.961304       164.908859    
   398.065247       164.926346    
   398.169189       164.943817    
   398.273132       164.961273    
   398.377075       164.978714    
   398.481018       164.996140    
   398.584961       165.013550    
   398.688904       165.030945    
   398.792847       165.048325    
   398.896790       165.065689    
   399.000732       165.083038    
   399.104675       165.100372    
   399.208618       165.117691    
   399.312561       165.134995    
   399.416504       165.152283    
   399.520447       165.169556    
   399.624390       165.186813    
   399.728333       165.204056    
   399.832275       165.221283    
   399.936218       165.238495    
   400.040161       165.255692    
   400.144104       165.272873    
   400.248047       165.290039    
   400.351990       165.307190    
   400.455933       165.324326    
   400.559875       165.341446    
   400.663818       165.358551    
   400.767761       165.375641    
   400.871704       165.392715    
   400.975647       165.409775    
   401.079590       165.426819    
   401.183533       165.443848    
   401.287476       165.460861    
   401.391418       165.477859    
   401.495361       165.494843    
   401.599304       165.511810    
   401.703247       165.528763    
   401.807190       165.545700    
   401.911133       165.562622    
   402.015076       165.579529    
   402.119019       165.596420    
   402.222961       165.613297    
   402.326904       165.630157    
   402.430847       165.647003    
   402.534790       165.663834    
   402.638733       165.680649    
   402.742676       165.697449    
   402.846619       165.714233    
   402.950562       165.731003    
   403.054504       165.747757    
   403.158447       165.764496    
   403.262390       165.781219    
   403.366333       165.797928    
   403.470276       165.814621    
   403.574219       165.831299    
   403.678162       165.847961    
   403.782104       165.864609    
   403.886047       165.881241    
   403.989990       165.897858    
   404.093933       165.914459    
   404.197876       165.931046    
   404.301819       165.947617    
   404.405762       165.964172    
   404.509705       165.980713    
   404.613647       165.997238    
   404.717590       166.013748    
   404.821533       166.030243    
   404.925476       166.046722    
   405.029419       166.063187    
   405.133362       166.079636    
   405.237305       166.096069    
   405.341248       166.112488    
   405.445190       166.128891    
   405.549133       166.145279    
   405.653076       166.161652    
   405.757019       166.178009    
   405.860962       166.194351    
   405.964905       166.210678    
   406.068848       166.226990    
   406.172791       166.243286    
   406.276733       166.259567    
   406.380676       166.275833    
   406.484619       166.292084    
   406.588562       166.308319    
   406.692505       166.324539    
   406.796448       166.340744    
   406.900391       166.356934    
   407.004333       166.373108    
   407.108276       166.389267    
   407.212219       166.405411    
   407.316162       166.421539    
   407.420105       166.437653    
   407.524048       166.453751    
   407.627991       166.469833    
   407.731934       166.485901    
   407.835876       166.501953    
   407.939819       166.517990    
   408.043762       166.534012    
   408.147705       166.550018    
   408.251648       166.566010    
   408.355591       166.581985    
   408.459534       166.597946    
   408.563477       166.613892    
   408.667419       166.629822    
   408.771362       166.645737    
   408.875305       166.661636    
   408.979248       166.677521    
   409.083191       166.693390    
   409.187134       166.709244    
   409.291077       166.725082    
   409.395020       166.740906    
   409.498962       166.756714    
   409.602905       166.772507    
   409.706848       166.788284    
   409.810791       166.804047    
   409.914734       166.819794    
   410.018677       166.835526    
   410.122620       166.851242    
   410.226562       166.866943    
   410.330505       166.882629    
   410.434448       166.898300    
   410.538391       166.913956    
   410.642334       166.929596    
   410.746277       166.945221    
   410.850220       166.960831    
   410.954163       166.976425    
   411.058105       166.992004    
   411.162048       167.007568    
   411.265991       167.023117    
   411.369934       167.038651    
   411.473877       167.054169    
   411.577820       167.069672    
   411.681763       167.085159    
   411.785706       167.100632    
   411.889648       167.116089    
   411.993591       167.131531    
   412.097534       167.146957    
   412.201477       167.162369    
   412.305420       167.177765    
   412.409363       167.193146    
   412.513306       167.208511    
   412.617249       167.223862    
   412.721191       167.239197    
   412.825134       167.254517    
   412.929077       167.269821    
   413.033020       167.285110    
   413.136963       167.300385    
   413.240906       167.315643    
   413.344849       167.330887    
   413.448792       167.346115    
   413.552734       167.361328    
   413.656677       167.376526    
   413.760620       167.391708    
   413.864563       167.406876    
   413.968506       167.422028    
   414.072449       167.437164    
   414.176392       167.452286    
   414.280334       167.467392    
   414.384277       167.482483    
   414.488220       167.497559    
   414.592163       167.512619    
   414.696106       167.527664    
   414.800049       167.542694    
   414.903992       167.557709    
   415.007935       167.572708    
   415.111877       167.587692    
   415.215820       167.602661    
   415.319763       167.617615    
   415.423706       167.632553    
   415.527649       167.647476    
   415.631592       167.662384    
   415.735535       167.677277    
   415.839478       167.692154    
   415.943420       167.707016    
   416.047363       167.721863    
   416.151306       167.736694    
   416.255249       167.751511    
   416.359192       167.766312    
   416.463135       167.781097    
   416.567078       167.795868    
   416.671021       167.810623    
   416.774963       167.825363    
   416.878906       167.840088    
   416.982849       167.854797    
   417.086792       167.869492    
   417.190735       167.884171    
   417.294678       167.898834    
   417.398621       167.913483    
   417.502563       167.928116    
   417.606506       167.942734    
   417.710449       167.957336    
   417.814392       167.971924    
   417.918335       167.986496    
   418.022278       168.001053    
   418.126221       168.015594    
   418.230164       168.030121    
   418.334106       168.044632    
   418.438049       168.059128    
   418.541992       168.073608    
   418.645935       168.088074    
   418.749878       168.102524    
   418.853821       168.116959    
   418.957764       168.131378    
   419.061707       168.145782    
   419.165649       168.160172    
   419.269592       168.174545    
   419.373535       168.188904    
   419.477478       168.203247    
   419.581421       168.217575    
   419.685364       168.231888    
   419.789307       168.246185    
   419.893250       168.260468    
   419.997192       168.274734    
   420.101135       168.288986    
   420.205078       168.303223    
   420.309021       168.317444    
   420.412964       168.331650    
   420.516907       168.345840    
   420.620850       168.360016    
   420.724792       168.374176    
   420.828735       168.388321    
   420.932678       168.402451    
   421.036621       168.416565    
   421.140564       168.430664    
   421.244507       168.444748    
   421.348450       168.458817    
   421.452393       168.472870    
   421.556335       168.486908    
   421.660278       168.500931    
   421.764221       168.514938    
   421.868164       168.528931    
   421.972107       168.542908    
   422.076050       168.556870    
   422.179993       168.570816    
   422.283936       168.584747    
   422.387878       168.598663    
   422.491821       168.612564    
   422.595764       168.626450    
   422.699707       168.640320    
   422.803650       168.654175    
   422.907593       168.668015    
   423.011536       168.681839    
   423.115479       168.695648    
   423.219421       168.709442    
   423.323364       168.723221    
   423.427307       168.736984    
   423.531250       168.750732    
   423.635193       168.764465    
   423.739136       168.778183    
   423.843079       168.791885    
   423.947021       168.805573    
   424.050964       168.819244    
   424.154907       168.832901    
   424.258850       168.846542    
   424.362793       168.860168    
   424.466736       168.873779    
   424.570679       168.887375    
   424.674622       168.900955    
   424.778564       168.914520    
   424.882507       168.928070    
   424.986450       168.941605    
   425.090393       168.955124    
   425.194336       168.968628    
   425.298279       168.982117    
   425.402222       168.995590    
   425.506165       169.009048    
   425.610107       169.022491    
   425.714050       169.035919    
   425.817993       169.049332    
   425.921936       169.062729    
   426.025879       169.076111    
   426.129822       169.089478    
   426.233765       169.102829    
   426.337708       169.116165    
   426.441650       169.129486    
   426.545593       169.142792    
   426.649536       169.156082    
   426.753479       169.169357    
   426.857422       169.182617    
   426.961365       169.195862    
   427.065308       169.209091    
   427.169250       169.222305    
   427.273193       169.235504    
   427.377136       169.248688    
   427.481079       169.261856    
   427.585022       169.275009    
   427.688965       169.288147    
   427.792908       169.301270    
   427.896851       169.314377    
   428.000793       169.327469    
   428.104736       169.340546    
   428.208679       169.353607    
   428.312622       169.366653    
   428.416565       169.379684    
   428.520508       169.392700    
   428.624451       169.405701    
   428.728394       169.418686    
   428.832336       169.431656    
   428.936279       169.444611    
   429.040222       169.457550    
   429.144165       169.470474    
   429.248108       169.483383    
   429.352051       169.496277    
   429.455994       169.509155    
   429.559937       169.522018    
   429.663879       169.534866    
   429.767822       169.547699    
   429.871765       169.560516    
   429.975708       169.573318    
   430.079651       169.586105    
   430.183594       169.598877    
   430.287537       169.611633    
   430.391479       169.624374    
   430.495422       169.637100    
   430.599365       169.649811    
   430.703308       169.662506    
   430.807251       169.675186    
   430.911194       169.687851    
   431.015137       169.700500    
   431.119080       169.713135    
   431.223022       169.725754    
   431.326965       169.738358    
   431.430908       169.750946    
   431.534851       169.763519    
   431.638794       169.776077    
   431.742737       169.788620    
   431.846680       169.801147    
   431.950623       169.813660    
   432.054565       169.826157    
   432.158508       169.838638    
   432.262451       169.851105    
   432.366394       169.863556    
   432.470337       169.875992    
   432.574280       169.888412    
   432.678223       169.900818    
   432.782166       169.913208    
   432.886108       169.925583    
   432.990051       169.937943    
   433.093994       169.950287    
   433.197937       169.962616    
   433.301880       169.974930    
   433.405823       169.987228    
   433.509766       169.999512    
   433.613708       170.011780    
   433.717651       170.024033    
   433.821594       170.036270    
   433.925537       170.048492    
   434.029480       170.060699    
   434.133423       170.072891    
   434.237366       170.085068    
   434.341309       170.097229    
   434.445251       170.109375    
   434.549194       170.121506    
   434.653137       170.133621    
   434.757080       170.145721    
   434.861023       170.157806    
   434.964966       170.169876    
   435.068909       170.181931    
   435.172852       170.193970    
   435.276794       170.205994    
   435.380737       170.218002    
   435.484680       170.229996    
   435.588623       170.241974    
   435.692566       170.253937    
   435.796509       170.265884    
   435.900452       170.277817    
   436.004395       170.289734    
   436.108337       170.301636    
   436.212280       170.313522    
   436.316223       170.325394    
   436.420166       170.337250    
   436.524109       170.349091    
   436.628052       170.360916    
   436.731995       170.372726    
   436.835938       170.384521    
   436.939880       170.396301    
   437.043823       170.408066    
   437.147766       170.419815    
   437.251709       170.431549    
   437.355652       170.443268    
   437.459595       170.454971    
   437.563538       170.466660    
   437.667480       170.478333    
   437.771423       170.489990    
   437.875366       170.501633    
   437.979309       170.513260    
   438.083252       170.524872    
   438.187195       170.536469    
   438.291138       170.548050    
   438.395081       170.559616    
   438.499023       170.571167    
   438.602966       170.582703    
   438.706909       170.594223    
   438.810852       170.605728    
   438.914795       170.617218    
   439.018738       170.628693    
   439.122681       170.640152    
   439.226624       170.651596    
   439.330566       170.663025    
   439.434509       170.674438    
   439.538452       170.685837    
   439.642395       170.697220    
   439.746338       170.708588    
   439.850281       170.719940    
   439.954224       170.731277    
   440.058167       170.742599    
   440.162109       170.753906    
   440.266052       170.765198    
   440.369995       170.776474    
   440.473938       170.787735    
   440.577881       170.798981    
   440.681824       170.810211    
   440.785767       170.821426    
   440.889709       170.832626    
   440.993652       170.843811    
   441.097595       170.854980    
   441.201538       170.866135    
   441.305481       170.877274    
   441.409424       170.888397    
   441.513367       170.899506    
   441.617310       170.910599    
   441.721252       170.921677    
   441.825195       170.932739    
   441.929138       170.943787    
   442.033081       170.954819    
   442.137024       170.965836    
   442.240967       170.976837    
   442.344910       170.987823    
   442.448853       170.998795    
   442.552795       171.009750    
   442.656738       171.020691    
   442.760681       171.031616    
   442.864624       171.042526    
   442.968567       171.053421    
   443.072510       171.064301    
   443.176453       171.075165    
   443.280396       171.086014    
   443.384338       171.096848    
   443.488281       171.107666    
   443.592224       171.118469    
   443.696167       171.129257    
   443.800110       171.140030    
   443.904053       171.150787    
   444.007996       171.161530    
   444.111938       171.172256    
   444.215881       171.182968    
   444.319824       171.193665    
   444.423767       171.204346    
   444.527710       171.215012    
   444.631653       171.225662    
   444.735596       171.236298    
   444.839539       171.246918    
   444.943481       171.257523    
   445.047424       171.268112    
   445.151367       171.278687    
   445.255310       171.289246    
   445.359253       171.299789    
   445.463196       171.310318    
   445.567139       171.320831    
   445.671082       171.331329    
   445.775024       171.341812    
   445.878967       171.352280    
   445.982910       171.362732    
   446.086853       171.373169    
   446.190796       171.383591    
   446.294739       171.393997    
   446.398682       171.404388    
   446.502625       171.414764    
   446.606567       171.425125    
   446.710510       171.435471    
   446.814453       171.445801    
   446.918396       171.456116    
   447.022339       171.466415    
   447.126282       171.476700    
   447.230225       171.486969    
   447.334167       171.497223    
   447.438110       171.507462    
   447.542053       171.517685    
   447.645996       171.527893    
   447.749939       171.538086    
   447.853882       171.548264    
   447.957825       171.558426    
   448.061768       171.568573    
   448.165710       171.578705    
   448.269653       171.588821    
   448.373596       171.598923    
   448.477539       171.609009    
   448.581482       171.619080    
   448.685425       171.629135    
   448.789368       171.639175    
   448.893311       171.649200    
   448.997253       171.659210    
   449.101196       171.669205    
   449.205139       171.679184    
   449.309082       171.689148    
   449.413025       171.699097    
   449.516968       171.709030    
   449.620911       171.718948    
   449.724854       171.728851    
   449.828796       171.738739    
   449.932739       171.748611    
   450.036682       171.758469    
   450.140625       171.768311    
   450.244568       171.778137    
   450.348511       171.787949    
   450.452454       171.797745    
   450.556396       171.807526    
   450.660339       171.817291    
   450.764282       171.827042    
   450.868225       171.836777    
   450.972168       171.846497    
   451.076111       171.856201    
   451.180054       171.865891    
   451.283997       171.875565    
   451.387939       171.885223    
   451.491882       171.894867    
   451.595825       171.904495    
   451.699768       171.914108    
   451.803711       171.923706    
   451.907654       171.933289    
   452.011597       171.942856    
   452.115540       171.952408    
   452.219482       171.961945    
   452.323425       171.971466    
   452.427368       171.980972    
   452.531311       171.990463    
   452.635254       171.999939    
   452.739197       172.009399    
   452.843140       172.018845    
   452.947083       172.028275    
   453.051025       172.037689    
   453.154968       172.047089    
   453.258911       172.056473    
   453.362854       172.065842    
   453.466797       172.075195    
   453.570740       172.084534    
   453.674683       172.093857    
   453.778625       172.103165    
   453.882568       172.112457    
   453.986511       172.121735    
   454.090454       172.130997    
   454.194397       172.140244    
   454.298340       172.149475    
   454.402283       172.158691    
   454.506226       172.167892    
   454.610168       172.177078    
   454.714111       172.186249    
   454.818054       172.195404    
   454.921997       172.204544    
   455.025940       172.213669    
   455.129883       172.222778    
   455.233826       172.231873    
   455.337769       172.240952    
   455.441711       172.250015    
   455.545654       172.259064    
   455.649597       172.268097    
   455.753540       172.277115    
   455.857483       172.286118    
   455.961426       172.295105    
   456.065369       172.304077    
   456.169312       172.313034    
   456.273254       172.321976    
   456.377197       172.330902    
   456.481140       172.339813    
   456.585083       172.348709    
   456.689026       172.357590    
   456.792969       172.366455    
   456.896912       172.375305    
   457.000854       172.384140    
   457.104797       172.392960    
   457.208740       172.401764    
   457.312683       172.410553    
   457.416626       172.419327    
   457.520569       172.428085    
   457.624512       172.436829    
   457.728455       172.445557    
   457.832397       172.454269    
   457.936340       172.462967    
   458.040283       172.471649    
   458.144226       172.480316    
   458.248169       172.488968    
   458.352112       172.497604    
   458.456055       172.506226    
   458.559998       172.514832    
   458.663940       172.523422    
   458.767883       172.531998    
   458.871826       172.540558    
   458.975769       172.549103    
   459.079712       172.557632    
   459.183655       172.566147    
   459.287598       172.574646    
   459.391541       172.583130    
   459.495483       172.591599    
   459.599426       172.600052    
   459.703369       172.608490    
   459.807312       172.616913    
   459.911255       172.625320    
   460.015198       172.633713    
   460.119141       172.642090    
   460.223083       172.650452    
   460.327026       172.658798    
   460.430969       172.667130    
   460.534912       172.675446    
   460.638855       172.683746    
   460.742798       172.692032    
   460.846741       172.700302    
   460.950684       172.708557    
   461.054626       172.716797    
   461.158569       172.725021    
   461.262512       172.733231    
   461.366455       172.741425    
   461.470398       172.749603    
   461.574341       172.757767    
   461.678284       172.765915    
   461.782227       172.774048    
   461.886169       172.782166    
   461.990112       172.790268    
   462.094055       172.798355    
   462.197998       172.806427    
   462.301941       172.814484    
   462.405884       172.822525    
   462.509827       172.830551    
   462.613770       172.838562    
   462.717712       172.846558    
   462.821655       172.854538    
   462.925598       172.862503    
   463.029541       172.870453    
   463.133484       172.878387    
   463.237427       172.886307    
   463.341370       172.894211    
   463.445312       172.902100    
   463.549255       172.909973    
   463.653198       172.917831    
   463.757141       172.925674    
   463.861084       172.933502    
   463.965027       172.941315    
   464.068970       172.949112    
   464.172913       172.956894    
   464.276855       172.964661    
   464.380798       172.972412    
   464.484741       172.980148    
   464.588684       172.987869    
   464.692627       172.995575    
   464.796570       173.003265    
   464.900513       173.010941    
   465.004456       173.018600    
   465.108398       173.026245    
   465.212341       173.033875    
   465.316284       173.041489    
   465.420227       173.049088    
   465.524170       173.056671    
   465.628113       173.064240    
   465.732056       173.071793    
   465.835999       173.079330    
   465.939941       173.086853    
   466.043884       173.094360    
   466.147827       173.101852    
   466.251770       173.109329    
   466.355713       173.116791    
   466.459656       173.124237    
   466.563599       173.131668    
   466.667542       173.139084    
   466.771484       173.146484    
   466.875427       173.153870    
   466.979370       173.161240    
   467.083313       173.168594    
   467.187256       173.175934    
   467.291199       173.183258    
   467.395142       173.190567    
   467.499084       173.197861    
   467.603027       173.205139    
   467.706970       173.212402    
   467.810913       173.219650    
   467.914856       173.226883    
   468.018799       173.234100    
   468.122742       173.241302    
   468.226685       173.248489    
   468.330627       173.255661    
   468.434570       173.262817    
   468.538513       173.269958    
   468.642456       173.277084    
   468.746399       173.284195    
   468.850342       173.291290    
   468.954285       173.298370    
   469.058228       173.305435    
   469.162170       173.312485    
   469.266113       173.319519    
   469.370056       173.326538    
   469.473999       173.333542    
   469.577942       173.340530    
   469.681885       173.347504    
   469.785828       173.354462    
   469.889771       173.361404    
   469.993713       173.368332    
   470.097656       173.375244    
   470.201599       173.382141    
   470.305542       173.389023    
   470.409485       173.395889    
   470.513428       173.402740    
   470.617371       173.409576    
   470.721313       173.416397    
   470.825256       173.423203    
   470.929199       173.429993    
   471.033142       173.436768    
   471.137085       173.443527    
   471.241028       173.450272    
   471.344971       173.457001    
   471.448914       173.463715    
   471.552856       173.470413    
   471.656799       173.477097    
   471.760742       173.483765    
   471.864685       173.490417    
   471.968628       173.497055    
   472.072571       173.503677    
   472.176514       173.510284    
   472.280457       173.516876    
   472.384399       173.523453    
   472.488342       173.530014    
   472.592285       173.536560    
   472.696228       173.543091    
   472.800171       173.549606    
   472.904114       173.556107    
   473.008057       173.562592    
   473.112000       173.569061    
   473.215942       173.575516    
   473.319885       173.581955    
   473.423828       173.588379    
   473.527771       173.594788    
   473.631714       173.601181    
   473.735657       173.607559    
   473.839600       173.613922    
   473.943542       173.620270    
   474.047485       173.626602    
   474.151428       173.632919    
   474.255371       173.639221    
   474.359314       173.645508    
   474.463257       173.651779    
   474.567200       173.658035    
   474.671143       173.664276    
   474.775085       173.670502    
   474.879028       173.676712    
   474.982971       173.682907    
   475.086914       173.689087    
   475.190857       173.695251    
   475.294800       173.701401    
   475.398743       173.707535    
   475.502686       173.713654    
   475.606628       173.719757    
   475.710571       173.725845    
   475.814514       173.731918    
   475.918457       173.737976    
   476.022400       173.744019    
   476.126343       173.750046    
   476.230286       173.756058    
   476.334229       173.762054    
   476.438171       173.768036    
   476.542114       173.774002    
   476.646057       173.779953    
   476.750000       173.785889    
   476.853943       173.791809    
   476.957886       173.797714    
   477.061829       173.803604    
   477.165771       173.809479    
   477.269714       173.815338    
   477.373657       173.821182    
   477.477600       173.827011    
   477.581543       173.832825    
   477.685486       173.838623    
   477.789429       173.844406    
   477.893372       173.850174    
   477.997314       173.855927    
   478.101257       173.861664    
   478.205200       173.867386    
   478.309143       173.873093    
   478.413086       173.878784    
   478.517029       173.884460    
   478.620972       173.890121    
   478.724915       173.895767    
   478.828857       173.901398    
   478.932800       173.907013    
   479.036743       173.912613    
   479.140686       173.918198    
   479.244629       173.923767    
   479.348572       173.929321    
   479.452515       173.934860    
   479.556458       173.940384    
   479.660400       173.945892    
   479.764343       173.951385    
   479.868286       173.956863    
   479.972229       173.962326    
   480.076172       173.967773    
   480.180115       173.973206    
   480.284058       173.978622    
   480.388000       173.984024    
   480.491943       173.989410    
   480.595886       173.994781    
   480.699829       174.000137    
   480.803772       174.005478    
   480.907715       174.010803    
   481.011658       174.016113    
   481.115601       174.021408    
   481.219543       174.026688    
   481.323486       174.031952    
   481.427429       174.037201    
   481.531372       174.042435    
   481.635315       174.047653    
   481.739258       174.052856    
   481.843201       174.058044    
   481.947144       174.063217    
   482.051086       174.068375    
   482.155029       174.073517    
   482.258972       174.078644    
   482.362915       174.083755    
   482.466858       174.088852    
   482.570801       174.093933    
   482.674744       174.098999    
   482.778687       174.104050    
   482.882629       174.109085    
   482.986572       174.114105    
   483.090515       174.119110    
   483.194458       174.124100    
   483.298401       174.129074    
   483.402344       174.134033    
   483.506287       174.138977    
   483.610229       174.143906    
   483.714172       174.148819    
   483.818115       174.153717    
   483.922058       174.158600    
   484.026001       174.163467    
   484.129944       174.168320    
   484.233887       174.173157    
   484.337830       174.177979    
   484.441772       174.182785    
   484.545715       174.187576    
   484.649658       174.192352    
   484.753601       174.197113    
   484.857544       174.201859    
   484.961487       174.206589    
   485.065430       174.211304    
   485.169373       174.216003    
   485.273315       174.220688    
   485.377258       174.225357    
   485.481201       174.230011    
   485.585144       174.234650    
   485.689087       174.239273    
   485.793030       174.243881    
   485.896973       174.248474    
   486.000916       174.253052    
   486.104858       174.257614    
   486.208801       174.262161    
   486.312744       174.266693    
   486.416687       174.271210    
   486.520630       174.275711    
   486.624573       174.280197    
   486.728516       174.284668    
   486.832458       174.289124    
   486.936401       174.293564    
   487.040344       174.297989    
   487.144287       174.302399    
   487.248230       174.306793    
   487.352173       174.311172    
   487.456116       174.315536    
   487.560059       174.319885    
   487.664001       174.324219    
   487.767944       174.328537    
   487.871887       174.332840    
   487.975830       174.337128    
   488.079773       174.341400    
   488.183716       174.345657    
   488.287659       174.349899    
   488.391602       174.354126    
   488.495544       174.358337    
   488.599487       174.362534    
   488.703430       174.366714    
   488.807373       174.370880    
   488.911316       174.375031    
   489.015259       174.379166    
   489.119202       174.383286    
   489.223145       174.387390    
   489.327087       174.391479    
   489.431030       174.395554    
   489.534973       174.399612    
   489.638916       174.403656    
   489.742859       174.407684    
   489.846802       174.411697    
   489.950745       174.415695    
   490.054688       174.419678    
   490.158630       174.423645    
   490.262573       174.427597    
   490.366516       174.431534    
   490.470459       174.435455    
   490.574402       174.439362    
   490.678345       174.443253    
   490.782288       174.447128    
   490.886230       174.450989    
   490.990173       174.454834    
   491.094116       174.458664    
   491.198059       174.462479    
   491.302002       174.466278    
   491.405945       174.470062    
   491.509888       174.473831    
   491.613831       174.477585    
   491.717773       174.481323    
   491.821716       174.485046    
   491.925659       174.488754    
   492.029602       174.492447    
   492.133545       174.496124    
   492.237488       174.499786    
   492.341431       174.503433    
   492.445374       174.507065    
   492.549316       174.510681    
   492.653259       174.514282    
   492.757202       174.517868    
   492.861145       174.521439    
   492.965088       174.524994    
   493.069031       174.528534    
   493.172974       174.532059    
   493.276917       174.535568    
   493.380859       174.539062    
   493.484802       174.542542    
   493.588745       174.546005    
   493.692688       174.549454    
   493.796631       174.552887    
   493.900574       174.556305    
   494.004517       174.559708    
   494.108459       174.563095    
   494.212402       174.566467    
   494.316345       174.569824    
   494.420288       174.573166    
   494.524231       174.576492    
   494.628174       174.579803    
   494.732117       174.583099    
   494.836060       174.586380    
   494.940002       174.589645    
   495.043945       174.592896    
   495.147888       174.596130    
   495.251831       174.599350    
   495.355774       174.602554    
   495.459717       174.605743    
   495.563660       174.608917    
   495.667603       174.612076    
   495.771545       174.615219    
   495.875488       174.618347    
   495.979431       174.621460    
   496.083374       174.624557    
   496.187317       174.627640    
   496.291260       174.630707    
   496.395203       174.633759    
   496.499146       174.636795    
   496.603088       174.639816    
   496.707031       174.642822    
   496.810974       174.645813    
   496.914917       174.648788    
   497.018860       174.651749    
   497.122803       174.654694    
   497.226746       174.657623    
   497.330688       174.660538    
   497.434631       174.663437    
   497.538574       174.666321    
   497.642517       174.669189    
   497.746460       174.672043    
   497.850403       174.674881    
   497.954346       174.677704    
   498.058289       174.680511    
   498.162231       174.683304    
   498.266174       174.686081    
   498.370117       174.688843    
   498.474060       174.691589    
   498.578003       174.694321    
   498.681946       174.697037    
   498.785889       174.699738    
   498.889832       174.702423    
   498.993774       174.705093    
   499.097717       174.707748    
   499.201660       174.710388    
   499.305603       174.713013    
   499.409546       174.715622    
   499.513489       174.718216    
   499.617432       174.720795    
   499.721375       174.723358    
   499.825317       174.725906    
   499.929260       174.728439    
   500.033203       174.730957    
   500.137146       174.733459    
   500.241089       174.735947    
   500.345032       174.738419    
   500.448975       174.740875    
   500.552917       174.743317    
   500.656860       174.745743    
   500.760803       174.748154    
   500.864746       174.750549    
   500.968689       174.752930    
   501.072632       174.755295    
   501.176575       174.757645    
   501.280518       174.759979    
   501.384460       174.762299    
   501.488403       174.764603    
   501.592346       174.766891    
   501.696289       174.769165    
   501.800232       174.771423    
   501.904175       174.773666    
   502.008118       174.775894    
   502.112061       174.778107    
   502.216003       174.780304    
   502.319946       174.782486    
   502.423889       174.784653    
   502.527832       174.786804    
   502.631775       174.788940    
   502.735718       174.791061    
   502.839661       174.793167    
   502.943604       174.795258    
   503.047546       174.797333    
   503.151489       174.799393    
   503.255432       174.801437    
   503.359375       174.803467    
   503.463318       174.805481    
   503.567261       174.807480    
   503.671204       174.809464    
   503.775146       174.811432    
   503.879089       174.813385    
   503.983032       174.815323    
   504.086975       174.817245    
   504.190918       174.819153    
   504.294861       174.821045    
   504.398804       174.822922    
   504.502747       174.824783    
   504.606689       174.826630    
   504.710632       174.828461    
   504.814575       174.830276    
   504.918518       174.832077    
   505.022461       174.833862    
   505.126404       174.835632    
   505.230347       174.837387    
   505.334290       174.839127    
   505.438232       174.840851    
   505.542175       174.842560    
   505.646118       174.844254    
   505.750061       174.845932    
   505.854004       174.847595    
   505.957947       174.849243    
   506.061890       174.850876    
   506.165833       174.852493    
   506.269775       174.854095    
   506.373718       174.855682    
   506.477661       174.857254    
   506.581604       174.858810    
   506.685547       174.860352    
   506.789490       174.861877    
   506.893433       174.863388    
   506.997375       174.864883    
   507.101318       174.866364    
   507.205261       174.867828    
   507.309204       174.869278    
   507.413147       174.870712    
   507.517090       174.872131    
   507.621033       174.873535    
   507.724976       174.874924    
   507.828918       174.876297    
   507.932861       174.877655    
   508.036804       174.878998    
   508.140747       174.880325    
   508.244690       174.881638    
   508.348633       174.882935    
   508.452576       174.884216    
   508.556519       174.885483    
   508.660461       174.886734    
   508.764404       174.887970    
   508.868347       174.889191    
   508.972290       174.890396    
   509.076233       174.891586    
   509.180176       174.892761    
   509.284119       174.893921    
   509.388062       174.895065    
   509.492004       174.896194    
   509.595947       174.897308    
   509.699890       174.898407    
   509.803833       174.899490    
   509.907776       174.900558    
   510.011719       174.901611    
   510.115662       174.902649    
   510.219604       174.903671    
   510.323547       174.904678    
   510.427490       174.905670    
   510.531433       174.906647    
   510.635376       174.907608    
   510.739319       174.908554    
   510.843262       174.909485    
   510.947205       174.910400    
   511.051147       174.911301    
   511.155090       174.912186    
   511.259033       174.913055    
   511.362976       174.913910    
   511.466919       174.914749    
   511.570862       174.915573    
   511.674805       174.916382    
   511.778748       174.917175    
   511.882690       174.917953    
   511.986633       174.918716    
   512.090576       174.919464    
   512.194519       174.920197    
   512.298462       174.920914    
   512.402405       174.921616    
   512.506348       174.922302    
   512.610291       174.922974    
   512.714233       174.923630    
   512.818176       174.924271    
   512.922119       174.924896    
   513.026062       174.925507    
   513.130005       174.926102    
   513.233948       174.926682    
   513.337891       174.927246    
   513.441833       174.927795    
   513.545776       174.928329    
   513.649719       174.928848    
   513.753662       174.929352    
   513.857605       174.929840    
   513.961548       174.930313    
   514.065491       174.930771    
   514.169434       174.931213    
   514.273376       174.931641    
   514.377319       174.932053    
   514.481262       174.932449    
   514.585205       174.932831    
   514.689148       174.933197    
   514.793091       174.933548    
   514.897034       174.933884    
   515.000977       174.934204    
   515.104919       174.934509    
   515.208862       174.934799    
   515.312805       174.935074    
   515.416748       174.935333    
   515.520691       174.935577    
   515.624634       174.935806    
   515.728577       174.936020    
   515.832520       174.936218    
   515.936462       174.936401    
   516.040405       174.936569    
   516.144348       174.936722    
   516.248291       174.936859    
   516.352234       174.936981    
   516.456177       174.937088    
   516.560120       174.937180    
   516.664062       174.937256    
   516.768005       174.937317    
   516.871948       174.937363    
   516.975891       174.937393    
   517.079834       174.937408    
   517.183777       174.937408    
   517.287720       174.937393    
   517.391663       174.937363    
   517.495605       174.937317    
   517.599548       174.937256    
   517.703491       174.937180    
   517.807434       174.937088    
   517.911377       174.936981    
   518.015320       174.936859    
   518.119263       174.936722    
   518.223206       174.936569    
   518.327148       174.936401    
   518.431091       174.936218    
   518.535034       174.936020    
   518.638977       174.935806    
   518.742920       174.935577    
   518.846863       174.935333    
   518.950806       174.935074    
   519.054749       174.934799    
   519.158691       174.934509    
   519.262634       174.934204    
   519.366577       174.933884    
   519.470520       174.933548    
   519.574463       174.933197    
   519.678406       174.932831    
   519.782349       174.932449    
   519.886292       174.932053    
   519.990234       174.931641    
   520.094177       174.931213    
   520.198120       174.930771    
   520.302063       174.930313    
   520.406006       174.929840    
   520.509949       174.929352    
   520.613892       174.928848    
   520.717834       174.928329    
   520.821777       174.927795    
   520.925720       174.927246    
   521.029663       174.926682    
   521.133606       174.926102    
   521.237549       174.925507    
   521.341492       174.924896    
   521.445435       174.924271    
   521.549377       174.923630    
   521.653320       174.922974    
   521.757263       174.922302    
   521.861206       174.921616    
   521.965149       174.920914    
   522.069092       174.920197    
   522.173035       174.919464    
   522.276978       174.918716    
   522.380920       174.917953    
   522.484863       174.917175    
   522.588806       174.916382    
   522.692749       174.915573    
   522.796692       174.914749    
   522.900635       174.913910    
   523.004578       174.913055    
   523.108521       174.912186    
   523.212463       174.911301    
   523.316406       174.910400    
   523.420349       174.909485    
   523.524292       174.908554    
   523.628235       174.907608    
   523.732178       174.906647    
   523.836121       174.905670    
   523.940063       174.904678    
   524.044006       174.903671    
   524.147949       174.902649    
   524.251892       174.901611    
   524.355835       174.900558    
   524.459778       174.899490    
   524.563721       174.898407    
   524.667664       174.897308    
   524.771606       174.896194    
   524.875549       174.895065    
   524.979492       174.893921    
   525.083435       174.892761    
   525.187378       174.891586    
   525.291321       174.890396    
   525.395264       174.889191    
   525.499207       174.887970    
   525.603149       174.886734    
   525.707092       174.885483    
   525.811035       174.884216    
   525.914978       174.882935    
   526.018921       174.881638    
   526.122864       174.880325    
   526.226807       174.878998    
   526.330750       174.877655    
   526.434692       174.876297    
   526.538635       174.874924    
   526.642578       174.873535    
   526.746521       174.872131    
   526.850464       174.870712    
   526.954407       174.869278    
   527.058350       174.867828    
   527.162292       174.866364    
   527.266235       174.864883    
   527.370178       174.863388    
   527.474121       174.861877    
   527.578064       174.860352    
   527.682007       174.858810    
   527.785950       174.857254    
   527.889893       174.855682    
   527.993835       174.854095    
   528.097778       174.852493    
   528.201721       174.850876    
   528.305664       174.849243    
   528.409607       174.847595    
   528.513550       174.845932    
   528.617493       174.844254    
   528.721436       174.842560    
   528.825378       174.840851    
   528.929321       174.839127    
   529.033264       174.837387    
   529.137207       174.835632    
   529.241150       174.833862    
   529.345093       174.832077    
   529.449036       174.830276    
   529.552979       174.828461    
   529.656921       174.826630    
   529.760864       174.824783    
   529.864807       174.822922    
   529.968750       174.821045    
   530.072693       174.819153    
   530.176636       174.817245    
   530.280579       174.815323    
   530.384521       174.813385    
   530.488464       174.811432    
   530.592407       174.809464    
   530.696350       174.807480    
   530.800293       174.805481    
   530.904236       174.803467    
   531.008179       174.801437    
   531.112122       174.799393    
   531.216064       174.797333    
   531.320007       174.795258    
   531.423950       174.793167    
   531.527893       174.791061    
   531.631836       174.788940    
   531.735779       174.786804    
   531.839722       174.784653    
   531.943665       174.782486    
   532.047607       174.780304    
   532.151550       174.778107    
   532.255493       174.775894    
   532.359436       174.773666    
   532.463379       174.771423    
   532.567322       174.769165    
   532.671265       174.766891    
   532.775208       174.764603    
   532.879150       174.762299    
   532.983093       174.759979    
   533.087036       174.757645    
   533.190979       174.755295    
   533.294922       174.752930    
   533.398865       174.750549    
   533.502808       174.748154    
   533.606750       174.745743    
   533.710693       174.743317    
   533.814636       174.740875    
   533.918579       174.738419    
   534.022522       174.735947    
   534.126465       174.733459    
   534.230408       174.730957    
   534.334351       174.728439    
   534.438293       174.725906    
   534.542236       174.723358    
   534.646179       174.720795    
   534.750122       174.718216    
   534.854065       174.715622    
   534.958008       174.713013    
   535.061951       174.710388    
   535.165894       174.707748    
   535.269836       174.705093    
   535.373779       174.702423    
   535.477722       174.699738    
   535.581665       174.697037    
   535.685608       174.694321    
   535.789551       174.691589    
   535.893494       174.688843    
   535.997437       174.686081    
   536.101379       174.683304    
   536.205322       174.680511    
   536.309265       174.677704    
   536.413208       174.674881    
   536.517151       174.672043    
   536.621094       174.669189    
   536.725037       174.666321    
   536.828979       174.663437    
   536.932922       174.660538    
   537.036865       174.657623    
   537.140808       174.654694    
   537.244751       174.651749    
   537.348694       174.648788    
   537.452637       174.645813    
   537.556580       174.642822    
   537.660522       174.639816    
   537.764465       174.636795    
   537.868408       174.633759    
   537.972351       174.630707    
   538.076294       174.627640    
   538.180237       174.624557    
   538.284180       174.621460    
   538.388123       174.618347    
   538.492065       174.615219    
   538.596008       174.612076    
   538.699951       174.608917    
   538.803894       174.605743    
   538.907837       174.602554    
   539.011780       174.599350    
   539.115723       174.596130    
   539.219666       174.592896    
   539.323608       174.589645    
   539.427551       174.586380    
   539.531494       174.583099    
   539.635437       174.579803    
   539.739380       174.576492    
   539.843323       174.573166    
   539.947266       174.569824    
   540.051208       174.566467    
   540.155151       174.563095    
   540.259094       174.559708    
   540.363037       174.556305    
   540.466980       174.552887    
   540.570923       174.549454    
   540.674866       174.546005    
   540.778809       174.542542    
   540.882751       174.539062    
   540.986694       174.535568    
   541.090637       174.532059    
   541.194580       174.528534    
   541.298523       174.524994    
   541.402466       174.521439    
   541.506409       174.517868    
   541.610352       174.514282    
   541.714294       174.510681    
   541.818237       174.507065    
   541.922180       174.503433    
   542.026123       174.499786    
   542.130066       174.496124    
   542.234009       174.492447    
   542.337952       174.488754    
   542.441895       174.485046    
   542.545837       174.481323    
   542.649780       174.477585    
   542.753723       174.473831    
   542.857666       174.470062    
   542.961609       174.466278    
   543.065552       174.462479    
   543.169495       174.458664    
   543.273438       174.454834    
   543.377380       174.450989    
   543.481323       174.447128    
   543.585266       174.443253    
   543.689209       174.439362    
   543.793152       174.435455    
   543.897095       174.431534    
   544.001038       174.427597    
   544.104980       174.423645    
   544.208923       174.419678    
   544.312866       174.415695    
   544.416809       174.411697    
   544.520752       174.407684    
   544.624695       174.403656    
   544.728638       174.399612    
   544.832581       174.395554    
   544.936523       174.391479    
   545.040466       174.387390    
   545.144409       174.383286    
   545.248352       174.379166    
   545.352295       174.375031    
   545.456238       174.370880    
   545.560181       174.366714    
   545.664124       174.362534    
   545.768066       174.358337    
   545.872009       174.354126    
   545.975952       174.349899    
   546.079895       174.345657    
   546.183838       174.341400    
   546.287781       174.337128    
   546.391724       174.332840    
   546.495667       174.328537    
   546.599609       174.324219    
   546.703552       174.319885    
   546.807495       174.315536    
   546.911438       174.311172    
   547.015381       174.306793    
   547.119324       174.302399    
   547.223267       174.297989    
   547.327209       174.293564    
   547.431152       174.289124    
   547.535095       174.284668    
   547.639038       174.280197    
   547.742981       174.275711    
   547.846924       174.271210    
   547.950867       174.266693    
   548.054810       174.262161    
   548.158752       174.257614    
   548.262695       174.253052    
   548.366638       174.248474    
   548.470581       174.243881    
   548.574524       174.239273    
   548.678467       174.234650    
   548.782410       174.230011    
   548.886353       174.225357    
   548.990295       174.220688    
   549.094238       174.216003    
   549.198181       174.211304    
   549.302124       174.206589    
   549.406067       174.201859    
   549.510010       174.197113    
   549.613953       174.192352    
   549.717896       174.187576    
   549.821838       174.182785    
   549.925781       174.177979    
   550.029724       174.173157    
   550.133667       174.168320    
   550.237610       174.163467    
   550.341553       174.158600    
   550.445496       174.153717    
   550.549438       174.148819    
   550.653381       174.143906    
   550.757324       174.138977    
   550.861267       174.134033    
   550.965210       174.129074    
   551.069153       174.124100    
   551.173096       174.119110    
   551.277039       174.114105    
   551.380981       174.109085    
   551.484924       174.104050    
   551.588867       174.098999    
   551.692810       174.093933    
   551.796753       174.088852    
   551.900696       174.083755    
   552.004639       174.078644    
   552.108582       174.073517    
   552.212524       174.068375    
   552.316467       174.063217    
   552.420410       174.058044    
   552.524353       174.052856    
   552.628296       174.047653    
   552.732239       174.042435    
   552.836182       174.037201    
   552.940125       174.031952    
   553.044067       174.026688    
   553.148010       174.021408    
   553.251953       174.016113    
   553.355896       174.010803    
   553.459839       174.005478    
   553.563782       174.000137    
   553.667725       173.994781    
   553.771667       173.989410    
   553.875610       173.984024    
   553.979553       173.978622    
   554.083496       173.973206    
   554.187439       173.967773    
   554.291382       173.962326    
   554.395325       173.956863    
   554.499268       173.951385    
   554.603210       173.945892    
   554.707153       173.940384    
   554.811096       173.934860    
   554.915039       173.929321    
   555.018982       173.923767    
   555.122925       173.918198    
   555.226868       173.912613    
   555.330811       173.907013    
   555.434753       173.901398    
   555.538696       173.895767    
   555.642639       173.890121    
   555.746582       173.884460    
   555.850525       173.878784    
   555.954468       173.873093    
   556.058411       173.867386    
   556.162354       173.861664    
   556.266296       173.855927    
   556.370239       173.850174    
   556.474182       173.844406    
   556.578125       173.838623    
   556.682068       173.832825    
   556.786011       173.827011    
   556.889954       173.821182    
   556.993896       173.815338    
   557.097839       173.809479    
   557.201782       173.803604    
   557.305725       173.797714    
   557.409668       173.791809    
   557.513611       173.785889    
   557.617554       173.779953    
   557.721497       173.774002    
   557.825439       173.768036    
   557.929382       173.762054    
   558.033325       173.756058    
   558.137268       173.750046    
   558.241211       173.744019    
   558.345154       173.737976    
   558.449097       173.731918    
   558.553040       173.725845    
   558.656982       173.719757    
   558.760925       173.713654    
   558.864868       173.707535    
   558.968811       173.701401    
   559.072754       173.695251    
   559.176697       173.689087    
   559.280640       173.682907    
   559.384583       173.676712    
   559.488525       173.670502    
   559.592468       173.664276    
   559.696411       173.658035    
   559.800354       173.651779    
   559.904297       173.645508    
   560.008240       173.639221    
   560.112183       173.632919    
   560.216125       173.626602    
   560.320068       173.620270    
   560.424011       173.613922    
   560.527954       173.607559    
   560.631897       173.601181    
   560.735840       173.594788    
   560.839783       173.588379    
   560.943726       173.581955    
   561.047668       173.575516    
   561.151611       173.569061    
   561.255554       173.562592    
   561.359497       173.556107    
   561.463440       173.549606    
   561.567383       173.543091    
   561.671326       173.536560    
   561.775269       173.530014    
   561.879211       173.523453    
   561.983154       173.516876    
   562.087097       173.510284    
   562.191040       173.503677    
   562.294983       173.497055    
   562.398926       173.490417    
   562.502869       173.483765    
   562.606812       173.477097    
   562.710754       173.470413    
   562.814697       173.463715    
   562.918640       173.457001    
   563.022583       173.450272    
   563.126526       173.443527    
   563.230469       173.436768    
   563.334412       173.429993    
   563.438354       173.423203    
   563.542297       173.416397    
   563.646240       173.409576    
   563.750183       173.402740    
   563.854126       173.395889    
   563.958069       173.389023    
   564.062012       173.382141    
   564.165955       173.375244    
   564.269897       173.368332    
   564.373840       173.361404    
   564.477783       173.354462    
   564.581726       173.347504    
   564.685669       173.340530    
   564.789612       173.333542    
   564.893555       173.326538    
   564.997498       173.319519    
   565.101440       173.312485    
   565.205383       173.305435    
   565.309326       173.298370    
   565.413269       173.291290    
   565.517212       173.284195    
   565.621155       173.277084    
   565.725098       173.269958    
   565.829041       173.262817    
   565.932983       173.255661    
   566.036926       173.248489    
   566.140869       173.241302    
   566.244812       173.234100    
   566.348755       173.226883    
   566.452698       173.219650    
   566.556641       173.212402    
   566.660583       173.205139    
   566.764526       173.197861    
   566.868469       173.190567    
   566.972412       173.183258    
   567.076355       173.175934    
   567.180298       173.168594    
   567.284241       173.161240    
   567.388184       173.153870    
   567.492126       173.146484    
   567.596069       173.139084    
   567.700012       173.131668    
   567.803955       173.124237    
   567.907898       173.116791    
   568.011841       173.109329    
   568.115784       173.101852    
   568.219727       173.094360    
   568.323669       173.086853    
   568.427612       173.079330    
   568.531555       173.071793    
   568.635498       173.064240    
   568.739441       173.056671    
   568.843384       173.049088    
   568.947327       173.041489    
   569.051270       173.033875    
   569.155212       173.026245    
   569.259155       173.018600    
   569.363098       173.010941    
   569.467041       173.003265    
   569.570984       172.995575    
   569.674927       172.987869    
   569.778870       172.980148    
   569.882812       172.972412    
   569.986755       172.964661    
   570.090698       172.956894    
   570.194641       172.949112    
   570.298584       172.941315    
   570.402527       172.933502    
   570.506470       172.925674    
   570.610413       172.917831    
   570.714355       172.909973    
   570.818298       172.902100    
   570.922241       172.894211    
   571.026184       172.886307    
   571.130127       172.878387    
   571.234070       172.870453    
   571.338013       172.862503    
   571.441956       172.854538    
   571.545898       172.846558    
   571.649841       172.838562    
   571.753784       172.830551    
   571.857727       172.822525    
   571.961670       172.814484    
   572.065613       172.806427    
   572.169556       172.798355    
   572.273499       172.790268    
   572.377441       172.782166    
   572.481384       172.774048    
   572.585327       172.765915    
   572.689270       172.757767    
   572.793213       172.749603    
   572.897156       172.741425    
   573.001099       172.733231    
   573.105042       172.725021    
   573.208984       172.716797    
   573.312927       172.708557    
   573.416870       172.700302    
   573.520813       172.692032    
   573.624756       172.683746    
   573.728699       172.675446    
   573.832642       172.667130    
   573.936584       172.658798    
   574.040527       172.650452    
   574.144470       172.642090    
   574.248413       172.633713    
   574.352356       172.625320    
   574.456299       172.616913    
   574.560242       172.608490    
   574.664185       172.600052    
   574.768127       172.591599    
   574.872070       172.583130    
   574.976013       172.574646    
   575.079956       172.566147    
   575.183899       172.557632    
   575.287842       172.549103    
   575.391785       172.540558    
   575.495728       172.531998    
   575.599670       172.523422    
   575.703613       172.514832    
   575.807556       172.506226    
   575.911499       172.497604    
   576.015442       172.488968    
   576.119385       172.480316    
   576.223328       172.471649    
   576.327271       172.462967    
   576.431213       172.454269    
   576.535156       172.445557    
   576.639099       172.436829    
   576.743042       172.428085    
   576.846985       172.419327    
   576.950928       172.410553    
   577.054871       172.401764    
   577.158813       172.392960    
   577.262756       172.384140    
   577.366699       172.375305    
   577.470642       172.366455    
   577.574585       172.357590    
   577.678528       172.348709    
   577.782471       172.339813    
   577.886414       172.330902    
   577.990356       172.321976    
   578.094299       172.313034    
   578.198242       172.304077    
   578.302185       172.295105    
   578.406128       172.286118    
   578.510071       172.277115    
   578.614014       172.268097    
   578.717957       172.259064    
   578.821899       172.250015    
   578.925842       172.240952    
   579.029785       172.231873    
   579.133728       172.222778    
   579.237671       172.213669    
   579.341614       172.204544    
   579.445557       172.195404    
   579.549500       172.186249    
   579.653442       172.177078    
   579.757385       172.167892    
   579.861328       172.158691    
   579.965271       172.149475    
   580.069214       172.140244    
   580.173157       172.130997    
   580.277100       172.121735    
   580.381042       172.112457    
   580.484985       172.103165    
   580.588928       172.093857    
   580.692871       172.084534    
   580.796814       172.075195    
   580.900757       172.065842    
   581.004700       172.056473    
   581.108643       172.047089    
   581.212585       172.037689    
   581.316528       172.028275    
   581.420471       172.018845    
   581.524414       172.009399    
   581.628357       171.999939    
   581.732300       171.990463    
   581.836243       171.980972    
   581.940186       171.971466    
   582.044128       171.961945    
   582.148071       171.952408    
   582.252014       171.942856    
   582.355957       171.933289    
   582.459900       171.923706    
   582.563843       171.914108    
   582.667786       171.904495    
   582.771729       171.894867    
   582.875671       171.885223    
   582.979614       171.875565    
   583.083557       171.865891    
   583.187500       171.856201    
   583.291443       171.846497    
   583.395386       171.836777    
   583.499329       171.827042    
   583.603271       171.817291    
   583.707214       171.807526    
   583.811157       171.797745    
   583.915100       171.787949    
   584.019043       171.778137    
   584.122986       171.768311    
   584.226929       171.758469    
   584.330872       171.748611    
   584.434814       171.738739    
   584.538757       171.728851    
   584.642700       171.718948    
   584.746643       171.709030    
   584.850586       171.699097    
   584.954529       171.689148    
   585.058472       171.679184    
   585.162415       171.669205    
   585.266357       171.659210    
   585.370300       171.649200    
   585.474243       171.639175    
   585.578186       171.629135    
   585.682129       171.619080    
   585.786072       171.609009    
   585.890015       171.598923    
   585.993958       171.588821    
   586.097900       171.578705    
   586.201843       171.568573    
   586.305786       171.558426    
   586.409729       171.548264    
   586.513672       171.538086    
   586.617615       171.527893    
   586.721558       171.517685    
   586.825500       171.507462    
   586.929443       171.497223    
   587.033386       171.486969    
   587.137329       171.476700    
   587.241272       171.466415    
   587.345215       171.456116    
   587.449158       171.445801    
   587.553101       171.435471    
   587.657043       171.425125    
   587.760986       171.414764    
   587.864929       171.404388    
   587.968872       171.393997    
   588.072815       171.383591    
   588.176758       171.373169    
   588.280701       171.362732    
   588.384644       171.352280    
   588.488586       171.341812    
   588.592529       171.331329    
   588.696472       171.320831    
   588.800415       171.310318    
   588.904358       171.299789    
   589.008301       171.289246    
   589.112244       171.278687    
   589.216187       171.268112    
   589.320129       171.257523    
   589.424072       171.246918    
   589.528015       171.236298    
   589.631958       171.225662    
   589.735901       171.215012    
   589.839844       171.204346    
   589.943787       171.193665    
   590.047729       171.182968    
   590.151672       171.172256    
   590.255615       171.161530    
   590.359558       171.150787    
   590.463501       171.140030    
   590.567444       171.129257    
   590.671387       171.118469    
   590.775330       171.107666    
   590.879272       171.096848    
   590.983215       171.086014    
   591.087158       171.075165    
   591.191101       171.064301    
   591.295044       171.053421    
   591.398987       171.042526    
   591.502930       171.031616    
   591.606873       171.020691    
   591.710815       171.009750    
   591.814758       170.998795    
   591.918701       170.987823    
   592.022644       170.976837    
   592.126587       170.965836    
   592.230530       170.954819    
   592.334473       170.943787    
   592.438416       170.932739    
   592.542358       170.921677    
   592.646301       170.910599    
   592.750244       170.899506    
   592.854187       170.888397    
   592.958130       170.877274    
   593.062073       170.866135    
   593.166016       170.854980    
   593.269958       170.843811    
   593.373901       170.832626    
   593.477844       170.821426    
   593.581787       170.810211    
   593.685730       170.798981    
   593.789673       170.787735    
   593.893616       170.776474    
   593.997559       170.765198    
   594.101501       170.753906    
   594.205444       170.742599    
   594.309387       170.731277    
   594.413330       170.719940    
   594.517273       170.708588    
   594.621216       170.697220    
   594.725159       170.685837    
   594.829102       170.674438    
   594.933044       170.663025    
   595.036987       170.651596    
   595.140930       170.640152    
   595.244873       170.628693    
   595.348816       170.617218    
   595.452759       170.605728    
   595.556702       170.594223    
   595.660645       170.582703    
   595.764587       170.571167    
   595.868530       170.559616    
   595.972473       170.548050    
   596.076416       170.536469    
   596.180359       170.524872    
   596.284302       170.513260    
   596.388245       170.501633    
   596.492188       170.489990    
   596.596130       170.478333    
   596.700073       170.466660    
   596.804016       170.454971    
   596.907959       170.443268    
   597.011902       170.431549    
   597.115845       170.419815    
   597.219788       170.408066    
   597.323730       170.396301    
   597.427673       170.384521    
   597.531616       170.372726    
   597.635559       170.360916    
   597.739502       170.349091    
   597.843445       170.337250    
   597.947388       170.325394    
   598.051331       170.313522    
   598.155273       170.301636    
   598.259216       170.289734    
   598.363159       170.277817    
   598.467102       170.265884    
   598.571045       170.253937    
   598.674988       170.241974    
   598.778931       170.229996    
   598.882874       170.218002    
   598.986816       170.205994    
   599.090759       170.193970    
   599.194702       170.181931    
   599.298645       170.169876    
   599.402588       170.157806    
   599.506531       170.145721    
   599.610474       170.133621    
   599.714417       170.121506    
   599.818359       170.109375    
   599.922302       170.097229    
   600.026245       170.085068    
   600.130188       170.072891    
   600.234131       170.060699    
   600.338074       170.048492    
   600.442017       170.036270    
   600.545959       170.024033    
   600.649902       170.011780    
   600.753845       169.999512    
   600.857788       169.987228    
   600.961731       169.974930    
   601.065674       169.962616    
   601.169617       169.950287    
   601.273560       169.937943    
   601.377502       169.925583    
   601.481445       169.913208    
   601.585388       169.900818    
   601.689331       169.888412    
   601.793274       169.875992    
   601.897217       169.863556    
   602.001160       169.851105    
   602.105103       169.838638    
   602.209045       169.826157    
   602.312988       169.813660    
   602.416931       169.801147    
   602.520874       169.788620    
   602.624817       169.776077    
   602.728760       169.763519    
   602.832703       169.750946    
   602.936646       169.738358    
   603.040588       169.725754    
   603.144531       169.713135    
   603.248474       169.700500    
   603.352417       169.687851    
   603.456360       169.675186    
   603.560303       169.662506    
   603.664246       169.649811    
   603.768188       169.637100    
   603.872131       169.624374    
   603.976074       169.611633    
   604.080017       169.598877    
   604.183960       169.586105    
   604.287903       169.573318    
   604.391846       169.560516    
   604.495789       169.547699    
   604.599731       169.534866    
   604.703674       169.522018    
   604.807617       169.509155    
   604.911560       169.496277    
   605.015503       169.483383    
   605.119446       169.470474    
   605.223389       169.457550    
   605.327332       169.444611    
   605.431274       169.431656    
   605.535217       169.418686    
   605.639160       169.405701    
   605.743103       169.392700    
   605.847046       169.379684    
   605.950989       169.366653    
   606.054932       169.353607    
   606.158875       169.340546    
   606.262817       169.327469    
   606.366760       169.314377    
   606.470703       169.301270    
   606.574646       169.288147    
   606.678589       169.275009    
   606.782532       169.261856    
   606.886475       169.248688    
   606.990417       169.235504    
   607.094360       169.222305    
   607.198303       169.209091    
   607.302246       169.195862    
   607.406189       169.182617    
   607.510132       169.169357    
   607.614075       169.156082    
   607.718018       169.142792    
   607.821960       169.129486    
   607.925903       169.116165    
   608.029846       169.102829    
   608.133789       169.089478    
   608.237732       169.076111    
   608.341675       169.062729    
   608.445618       169.049332    
   608.549561       169.035919    
   608.653503       169.022491    
   608.757446       169.009048    
   608.861389       168.995590    
   608.965332       168.982117    
   609.069275       168.968628    
   609.173218       168.955124    
   609.277161       168.941605    
   609.381104       168.928070    
   609.485046       168.914520    
   609.588989       168.900955    
   609.692932       168.887375    
   609.796875       168.873779    
   609.900818       168.860168    
   610.004761       168.846542    
   610.108704       168.832901    
   610.212646       168.819244    
   610.316589       168.805573    
   610.420532       168.791885    
   610.524475       168.778183    
   610.628418       168.764465    
   610.732361       168.750732    
   610.836304       168.736984    
   610.940247       168.723221    
   611.044189       168.709442    
   611.148132       168.695648    
   611.252075       168.681839    
   611.356018       168.668015    
   611.459961       168.654175    
   611.563904       168.640320    
   611.667847       168.626450    
   611.771790       168.612564    
   611.875732       168.598663    
   611.979675       168.584747    
   612.083618       168.570816    
   612.187561       168.556870    
   612.291504       168.542908    
   612.395447       168.528931    
   612.499390       168.514938    
   612.603333       168.500931    
   612.707275       168.486908    
   612.811218       168.472870    
   612.915161       168.458817    
   613.019104       168.444748    
   613.123047       168.430664    
   613.226990       168.416565    
   613.330933       168.402451    
   613.434875       168.388321    
   613.538818       168.374176    
   613.642761       168.360016    
   613.746704       168.345840    
   613.850647       168.331650    
   613.954590       168.317444    
   614.058533       168.303223    
   614.162476       168.288986    
   614.266418       168.274734    
   614.370361       168.260468    
   614.474304       168.246185    
   614.578247       168.231888    
   614.682190       168.217575    
   614.786133       168.203247    
   614.890076       168.188904    
   614.994019       168.174545    
   615.097961       168.160172    
   615.201904       168.145782    
   615.305847       168.131378    
   615.409790       168.116959    
   615.513733       168.102524    
   615.617676       168.088074    
   615.721619       168.073608    
   615.825562       168.059128    
   615.929504       168.044632    
   616.033447       168.030121    
   616.137390       168.015594    
   616.241333       168.001053    
   616.345276       167.986496    
   616.449219       167.971924    
   616.553162       167.957336    
   616.657104       167.942734    
   616.761047       167.928116    
   616.864990       167.913483    
   616.968933       167.898834    
   617.072876       167.884171    
   617.176819       167.869492    
   617.280762       167.854797    
   617.384705       167.840088    
   617.488647       167.825363    
   617.592590       167.810623    
   617.696533       167.795868    
   617.800476       167.781097    
   617.904419       167.766312    
   618.008362       167.751511    
   618.112305       167.736694    
   618.216248       167.721863    
   618.320190       167.707016    
   618.424133       167.692154    
   618.528076       167.677277    
   618.632019       167.662384    
   618.735962       167.647476    
   618.839905       167.632553    
   618.943848       167.617615    
   619.047791       167.602661    
   619.151733       167.587692    
   619.255676       167.572708    
   619.359619       167.557709    
   619.463562       167.542694    
   619.567505       167.527664    
   619.671448       167.512619    
   619.775391       167.497559    
   619.879333       167.482483    
   619.983276       167.467392    
   620.087219       167.452286    
   620.191162       167.437164    
   620.295105       167.422028    
   620.399048       167.406876    
   620.502991       167.391708    
   620.606934       167.376526    
   620.710876       167.361328    
   620.814819       167.346115    
   620.918762       167.330887    
   621.022705       167.315643    
   621.126648       167.300385    
   621.230591       167.285110    
   621.334534       167.269821    
   621.438477       167.254517    
   621.542419       167.239197    
   621.646362       167.223862    
   621.750305       167.208511    
   621.854248       167.193146    
   621.958191       167.177765    
   622.062134       167.162369    
   622.166077       167.146957    
   622.270020       167.131531    
   622.373962       167.116089    
   622.477905       167.100632    
   622.581848       167.085159    
   622.685791       167.069672    
   622.789734       167.054169    
   622.893677       167.038651    
   622.997620       167.023117    
   623.101562       167.007568    
   623.205505       166.992004    
   623.309448       166.976425    
   623.413391       166.960831    
   623.517334       166.945221    
   623.621277       166.929596    
   623.725220       166.913956    
   623.829163       166.898300    
   623.933105       166.882629    
   624.037048       166.866943    
   624.140991       166.851242    
   624.244934       166.835526    
   624.348877       166.819794    
   624.452820       166.804047    
   624.556763       166.788284    
   624.660706       166.772507    
   624.764648       166.756714    
   624.868591       166.740906    
   624.972534       166.725082    
   625.076477       166.709244    
   625.180420       166.693390    
   625.284363       166.677521    
   625.388306       166.661636    
   625.492249       166.645737    
   625.596191       166.629822    
   625.700134       166.613892    
   625.804077       166.597946    
   625.908020       166.581985    
   626.011963       166.566010    
   626.115906       166.550018    
   626.219849       166.534012    
   626.323792       166.517990    
   626.427734       166.501953    
   626.531677       166.485901    
   626.635620       166.469833    
   626.739563       166.453751    
   626.843506       166.437653    
   626.947449       166.421539    
   627.051392       166.405411    
   627.155334       166.389267    
   627.259277       166.373108    
   627.363220       166.356934    
   627.467163       166.340744    
   627.571106       166.324539    
   627.675049       166.308319    
   627.778992       166.292084    
   627.882935       166.275833    
   627.986877       166.259567    
   628.090820       166.243286    
   628.194763       166.226990    
   628.298706       166.210678    
   628.402649       166.194351    
   628.506592       166.178009    
   628.610535       166.161652    
   628.714478       166.145279    
   628.818420       166.128891    
   628.922363       166.112488    
   629.026306       166.096069    
   629.130249       166.079636    
   629.234192       166.063187    
   629.338135       166.046722    
   629.442078       166.030243    
   629.546021       166.013748    
   629.649963       165.997238    
   629.753906       165.980713    
   629.857849       165.964172    
   629.961792       165.947617    
   630.065735       165.931046    
   630.169678       165.914459    
   630.273621       165.897858    
   630.377563       165.881241    
   630.481506       165.864609    
   630.585449       165.847961    
   630.689392       165.831299    
   630.793335       165.814621    
   630.897278       165.797928    
   631.001221       165.781219    
   631.105164       165.764496    
   631.209106       165.747757    
   631.313049       165.731003    
   631.416992       165.714233    
   631.520935       165.697449    
   631.624878       165.680649    
   631.728821       165.663834    
   631.832764       165.647003    
   631.936707       165.630157    
   632.040649       165.613297    
   632.144592       165.596420    
   632.248535       165.579529    
   632.352478       165.562622    
   632.456421       165.545700    
   632.560364       165.528763    
   632.664307       165.511810    
   632.768250       165.494843    
   632.872192       165.477859    
   632.976135       165.460861    
   633.080078       165.443848    
   633.184021       165.426819    
   633.287964       165.409775    
   633.391907       165.392715    
   633.495850       165.375641    
   633.599792       165.358551    
   633.703735       165.341446    
   633.807678       165.324326    
   633.911621       165.307190    
   634.015564       165.290039    
   634.119507       165.272873    
   634.223450       165.255692    
   634.327393       165.238495    
   634.431335       165.221283    
   634.535278       165.204056    
   634.639221       165.186813    
   634.743164       165.169556    
   634.847107       165.152283    
   634.951050       165.134995    
   635.054993       165.117691    
   635.158936       165.100372    
   635.262878       165.083038    
   635.366821       165.065689    
   635.470764       165.048325    
   635.574707       165.030945    
   635.678650       165.013550    
   635.782593       164.996140    
   635.886536       164.978714    
   635.990479       164.961273    
   636.094421       164.943817    
   636.198364       164.926346    
   636.302307       164.908859    
   636.406250       164.891357    
   636.510193       164.873840    
   636.614136       164.856308    
   636.718079       164.838760    
   636.822021       164.821198    
   636.925964       164.803619    
   637.029907       164.786026    
   637.133850       164.768417    
   637.237793       164.750793    
   637.341736       164.733154    
   637.445679       164.715500    
   637.549622       164.697830    
   637.653564       164.680145    
   637.757507       164.662445    
   637.861450       164.644730    
   637.965393       164.626999    
   638.069336       164.609253    
   638.173279       164.591492    
   638.277222       164.573715    
   638.381165       164.555923    
   638.485107       164.538116    
   638.589050       164.520294    
   638.692993       164.502457    
   638.796936       164.484604    
   638.900879       164.466736    
   639.004822       164.448853    
   639.108765       164.430954    
   639.212708       164.413040    
   639.316650       164.395111    
   639.420593       164.377167    
   639.524536       164.359207    
   639.628479       164.341232    
   639.732422       164.323242    
   639.836365       164.305237    
   639.940308       164.287216    
   640.044250       164.269180    
   640.148193       164.251129    
   640.252136       164.233063    
   640.356079       164.214981    
   640.460022       164.196884    
   640.563965       164.178772    
   640.667908       164.160645    
   640.771851       164.142502    
   640.875793       164.124344    
   640.979736       164.106171    
   641.083679       164.087982    
   641.187622       164.069778    
   641.291565       164.051559    
   641.395508       164.033325    
   641.499451       164.015076    
   641.603394       163.996811    
   641.707336       163.978531    
   641.811279       163.960236    
   641.915222       163.941925    
   642.019165       163.923599    
   642.123108       163.905258    
   642.227051       163.886902    
   642.330994       163.868530    
   642.434937       163.850143    
   642.538879       163.831741    
   642.642822       163.813324    
   642.746765       163.794891    
   642.850708       163.776443    
   642.954651       163.757980    
   643.058594       163.739502    
   643.162537       163.721008    
   643.266479       163.702499    
   643.370422       163.683975    
   643.474365       163.665436    
   643.578308       163.646881    
   643.682251       163.628311    
   643.786194       163.609726    
   643.890137       163.591125    
   643.994080       163.572510    
   644.098022       163.553879    
   644.201965       163.535233    
   644.305908       163.516571    
   644.409851       163.497894    
   644.513794       163.479202    
   644.617737       163.460495    
   644.721680       163.441772    
   644.825623       163.423035    
   644.929565       163.404282    
   645.033508       163.385513    
   645.137451       163.366730    
   645.241394       163.347931    
   645.345337       163.329117    
   645.449280       163.310287    
   645.553223       163.291443    
   645.657166       163.272583    
   645.761108       163.253708    
   645.865051       163.234818    
   645.968994       163.215912    
   646.072937       163.196991    
   646.176880       163.178055    
   646.280823       163.159103    
   646.384766       163.140137    
   646.488708       163.121155    
   646.592651       163.102158    
   646.696594       163.083145    
   646.800537       163.064117    
   646.904480       163.045074    
   647.008423       163.026016    
   647.112366       163.006943    
   647.216309       162.987854    
   647.320251       162.968750    
   647.424194       162.949631    
   647.528137       162.930496    
   647.632080       162.911346    
   647.736023       162.892181    
   647.839966       162.873001    
   647.943909       162.853806    
   648.047852       162.834595    
   648.151794       162.815369    
   648.255737       162.796127    
   648.359680       162.776871    
   648.463623       162.757599    
   648.567566       162.738312    
   648.671509       162.719009    
   648.775452       162.699692    
   648.879395       162.680359    
   648.983337       162.661011    
   649.087280       162.641647    
   649.191223       162.622269    
   649.295166       162.602875    
   649.399109       162.583466    
   649.503052       162.564041    
   649.606995       162.544601    
   649.710938       162.525146    
   649.814880       162.505676    
   649.918823       162.486191    
   650.022766       162.466690    
   650.126709       162.447174    
   650.230652       162.427643    
   650.334595       162.408096    
   650.438538       162.388535    
   650.542480       162.368958    
   650.646423       162.349365    
   650.750366       162.329758    
   650.854309       162.310135    
   650.958252       162.290497    
   651.062195       162.270844    
   651.166138       162.251175    
   651.270081       162.231491    
   651.374023       162.211792    
   651.477966       162.192078    
   651.581909       162.172348    
   651.685852       162.152603    
   651.789795       162.132843    
   651.893738       162.113068    
   651.997681       162.093277    
   652.101624       162.073471    
   652.205566       162.053650    
   652.309509       162.033813    
   652.413452       162.013962    
   652.517395       161.994095    
   652.621338       161.974213    
   652.725281       161.954315    
   652.829224       161.934402    
   652.933167       161.914474    
   653.037109       161.894531    
   653.141052       161.874573    
   653.244995       161.854599    
   653.348938       161.834610    
   653.452881       161.814606    
   653.556824       161.794586    
   653.660767       161.774551    
   653.764709       161.754501    
   653.868652       161.734436    
   653.972595       161.714355    
   654.076538       161.694260    
   654.180481       161.674149    
   654.284424       161.654022    
   654.388367       161.633881    
   654.492310       161.613724    
   654.596252       161.593552    
   654.700195       161.573364    
   654.804138       161.553162    
   654.908081       161.532944    
   655.012024       161.512711    
   655.115967       161.492462    
   655.219910       161.472198    
   655.323853       161.451920    
   655.427795       161.431625    
   655.531738       161.411316    
   655.635681       161.390991    
   655.739624       161.370651    
   655.843567       161.350296    
   655.947510       161.329926    
   656.051453       161.309540    
   656.155396       161.289139    
   656.259338       161.268723    
   656.363281       161.248291    
   656.467224       161.227844    
   656.571167       161.207382    
   656.675110       161.186905    
   656.779053       161.166412    
   656.882996       161.145905    
   656.986938       161.125381    
   657.090881       161.104843    
   657.194824       161.084290    
   657.298767       161.063721    
   657.402710       161.043137    
   657.506653       161.022537    
   657.610596       161.001923    
   657.714539       160.981293    
   657.818481       160.960648    
   657.922424       160.939987    
   658.026367       160.919312    
   658.130310       160.898621    
   658.234253       160.877914    
   658.338196       160.857193    
   658.442139       160.836456    
   658.546082       160.815704    
   658.650024       160.794937    
   658.753967       160.774155    
   658.857910       160.753357    
   658.961853       160.732544    
   659.065796       160.711716    
   659.169739       160.690872    
   659.273682       160.670013    
   659.377625       160.649139    
   659.481567       160.628250    
   659.585510       160.607346    
   659.689453       160.586426    
   659.793396       160.565491    
   659.897339       160.544540    
   660.001282       160.523575    
   660.105225       160.502594    
   660.209167       160.481598    
   660.313110       160.460587    
   660.417053       160.439560    
   660.520996       160.418518    
   660.624939       160.397461    
   660.728882       160.376389    
   660.832825       160.355301    
   660.936768       160.334198    
   661.040710       160.313080    
   661.144653       160.291946    
   661.248596       160.270798    
   661.352539       160.249634    
   661.456482       160.228455    
   661.560425       160.207260    
   661.664368       160.186050    
   661.768311       160.164825    
   661.872253       160.143585    
   661.976196       160.122330    
   662.080139       160.101059    
   662.184082       160.079773    
   662.288025       160.058472    
   662.391968       160.037155    
   662.495911       160.015823    
   662.599854       159.994476    
   662.703796       159.973114    
   662.807739       159.951736    
   662.911682       159.930344    
   663.015625       159.908936    
   663.119568       159.887512    
   663.223511       159.866074    
   663.327454       159.844620    
   663.431396       159.823151    
   663.535339       159.801666    
   663.639282       159.780167    
   663.743225       159.758652    
   663.847168       159.737122    
   663.951111       159.715576    
   664.055054       159.694016    
   664.158997       159.672440    
   664.262939       159.650848    
   664.366882       159.629242    
   664.470825       159.607620    
   664.574768       159.585983    
   664.678711       159.564331    
   664.782654       159.542664    
   664.886597       159.520981    
   664.990540       159.499283    
   665.094482       159.477570    
   665.198425       159.455841    
   665.302368       159.434097    
   665.406311       159.412338    
   665.510254       159.390564    
   665.614197       159.368774    
   665.718140       159.346970    
   665.822083       159.325150    
   665.926025       159.303314    
   666.029968       159.281464    
   666.133911       159.259598    
   666.237854       159.237717    
   666.341797       159.215820    
   666.445740       159.193909    
   666.549683       159.171982    
   666.653625       159.150040    
   666.757568       159.128082    
   666.861511       159.106110    
   666.965454       159.084122    
   667.069397       159.062119    
   667.173340       159.040100    
   667.277283       159.018066    
   667.381226       158.996017    
   667.485168       158.973953    
   667.589111       158.951874    
   667.693054       158.929779    
   667.796997       158.907669    
   667.900940       158.885544    
   668.004883       158.863403    
   668.108826       158.841248    
   668.212769       158.819077    
   668.316711       158.796890    
   668.420654       158.774689    
   668.524597       158.752472    
   668.628540       158.730240    
   668.732483       158.707993    
   668.836426       158.685730    
   668.940369       158.663452    
   669.044312       158.641159    
   669.148254       158.618851    
   669.252197       158.596527    
   669.356140       158.574188    
   669.460083       158.551834    
   669.564026       158.529465    
   669.667969       158.507080    
   669.771912       158.484680    
   669.875854       158.462265    
   669.979797       158.439835    
   670.083740       158.417389    
   670.187683       158.394928    
   670.291626       158.372452    
   670.395569       158.349960    
   670.499512       158.327454    
   670.603455       158.304932    
   670.707397       158.282394    
   670.811340       158.259842    
   670.915283       158.237274    
   671.019226       158.214691    
   671.123169       158.192093    
   671.227112       158.169479    
   671.331055       158.146851    
   671.434998       158.124207    
   671.538940       158.101547    
   671.642883       158.078873    
   671.746826       158.056183    
   671.850769       158.033478    
   671.954712       158.010757    
   672.058655       157.988022    
   672.162598       157.965271    
   672.266541       157.942505    
   672.370483       157.919724    
   672.474426       157.896927    
   672.578369       157.874115    
   672.682312       157.851288    
   672.786255       157.828445    
   672.890198       157.805588    
   672.994141       157.782715    
   673.098083       157.759827    
   673.202026       157.736923    
   673.305969       157.714005    
   673.409912       157.691071    
   673.513855       157.668121    
   673.617798       157.645157    
   673.721741       157.622177    
   673.825684       157.599182    
   673.929626       157.576172    
   674.033569       157.553146    
   674.137512       157.530106    
   674.241455       157.507050    
   674.345398       157.483978    
   674.449341       157.460892    
   674.553284       157.437790    
   674.657227       157.414673    
   674.761169       157.391541    
   674.865112       157.368393    
   674.969055       157.345230    
   675.072998       157.322052    
   675.176941       157.298859    
   675.280884       157.275650    
   675.384827       157.252426    
   675.488770       157.229187    
   675.592712       157.205933    
   675.696655       157.182663    
   675.800598       157.159378    
   675.904541       157.136078    
   676.008484       157.112762    
   676.112427       157.089432    
   676.216370       157.066086    
   676.320312       157.042725    
   676.424255       157.019348    
   676.528198       156.995956    
   676.632141       156.972549    
   676.736084       156.949127    
   676.840027       156.925690    
   676.943970       156.902237    
   677.047913       156.878769    
   677.151855       156.855286    
   677.255798       156.831787    
   677.359741       156.808273    
   677.463684       156.784744    
   677.567627       156.761200    
   677.671570       156.737640    
   677.775513       156.714066    
   677.879456       156.690475    
   677.983398       156.666870    
   678.087341       156.643250    
   678.191284       156.619614    
   678.295227       156.595963    
   678.399170       156.572296    
   678.503113       156.548615    
   678.607056       156.524918    
   678.710999       156.501205    
   678.814941       156.477478    
   678.918884       156.453735    
   679.022827       156.429977    
   679.126770       156.406204    
   679.230713       156.382416    
   679.334656       156.358612    
   679.438599       156.334793    
   679.542542       156.310959    
   679.646484       156.287109    
   679.750427       156.263245    
   679.854370       156.239365    
   679.958313       156.215469    
   680.062256       156.191559    
   680.166199       156.167633    
   680.270142       156.143692    
   680.374084       156.119736    
   680.478027       156.095764    
   680.581970       156.071777    
   680.685913       156.047775    
   680.789856       156.023758    
   680.893799       155.999725    
   680.997742       155.975677    
   681.101685       155.951614    
   681.205627       155.927536    
   681.309570       155.903442    
   681.413513       155.879333    
   681.517456       155.855209    
   681.621399       155.831070    
   681.725342       155.806915    
   681.829285       155.782745    
   681.933228       155.758560    
   682.037170       155.734360    
   682.141113       155.710144    
   682.245056       155.685913    
   682.348999       155.661667    
   682.452942       155.637405    
   682.556885       155.613129    
   682.660828       155.588837    
   682.764771       155.564529    
   682.868713       155.540207    
   682.972656       155.515869    
   683.076599       155.491516    
   683.180542       155.467148    
   683.284485       155.442764    
   683.388428       155.418365    
   683.492371       155.393951    
   683.596313       155.369522    
   683.700256       155.345078    
   683.804199       155.320618    
   683.908142       155.296143    
   684.012085       155.271652    
   684.116028       155.247147    
   684.219971       155.222626    
   684.323914       155.198090    
   684.427856       155.173538    
   684.531799       155.148972    
   684.635742       155.124390    
   684.739685       155.099792    
   684.843628       155.075180    
   684.947571       155.050552    
   685.051514       155.025909    
   685.155457       155.001251    
   685.259399       154.976578    
   685.363342       154.951889    
   685.467285       154.927185    
   685.571228       154.902466    
   685.675171       154.877731    
   685.779114       154.852982    
   685.883057       154.828217    
   685.987000       154.803436    
   686.090942       154.778641    
   686.194885       154.753830    
   686.298828       154.729004    
   686.402771       154.704163    
   686.506714       154.679306    
   686.610657       154.654434    
   686.714600       154.629547    
   686.818542       154.604645    
   686.922485       154.579727    
   687.026428       154.554794    
   687.130371       154.529846    
   687.234314       154.504883    
   687.338257       154.479904    
   687.442200       154.454910    
   687.546143       154.429901    
   687.650085       154.404877    
   687.754028       154.379837    
   687.857971       154.354782    
   687.961914       154.329712    
   688.065857       154.304626    
   688.169800       154.279526    
   688.273743       154.254410    
   688.377686       154.229279    
   688.481628       154.204132    
   688.585571       154.178970    
   688.689514       154.153793    
   688.793457       154.128601    
   688.897400       154.103394    
   689.001343       154.078171    
   689.105286       154.052933    
   689.209229       154.027679    
   689.313171       154.002411    
   689.417114       153.977127    
   689.521057       153.951828    
   689.625000       153.926514    
   689.728943       153.901184    
   689.832886       153.875839    
   689.936829       153.850479    
   690.040771       153.825104    
   690.144714       153.799713    
   690.248657       153.774307    
   690.352600       153.748886    
   690.456543       153.723450    
   690.560486       153.697998    
   690.664429       153.672531    
   690.768372       153.647049    
   690.872314       153.621552    
   690.976257       153.596039    
   691.080200       153.570511    
   691.184143       153.544968    
   691.288086       153.519409    
   691.392029       153.493835    
   691.495972       153.468246    
   691.599915       153.442642    
   691.703857       153.417023    
   691.807800       153.391388    
   691.911743       153.365738    
   692.015686       153.340073    
   692.119629       153.314392    
   692.223572       153.288696    
   692.327515       153.262985    
   692.431458       153.237259    
   692.535400       153.211517    
   692.639343       153.185760    
   692.743286       153.159988    
   692.847229       153.134201    
   692.951172       153.108398    
   693.055115       153.082581    
   693.159058       153.056747    
   693.263000       153.030899    
   693.366943       153.005035    
   693.470886       152.979156    
   693.574829       152.953262    
   693.678772       152.927353    
   693.782715       152.901428    
   693.886658       152.875488    
   693.990601       152.849533    
   694.094543       152.823563    
   694.198486       152.797577    
   694.302429       152.771576    
   694.406372       152.745560    
   694.510315       152.719528    
   694.614258       152.693481    
   694.718201       152.667419    
   694.822144       152.641342    
   694.926086       152.615250    
   695.030029       152.589142    
   695.133972       152.563019    
   695.237915       152.536880    
   695.341858       152.510727    
   695.445801       152.484558    
   695.549744       152.458374    
   695.653687       152.432175    
   695.757629       152.405960    
   695.861572       152.379730    
   695.965515       152.353485    
   696.069458       152.327225    
   696.173401       152.300949    
   696.277344       152.274658    
   696.381287       152.248352    
   696.485229       152.222031    
   696.589172       152.195694    
   696.693115       152.169342    
   696.797058       152.142975    
   696.901001       152.116592    
   697.004944       152.090195    
   697.108887       152.063782    
   697.212830       152.037354    
   697.316772       152.010910    
   697.420715       151.984451    
   697.524658       151.957977    
   697.628601       151.931488    
   697.732544       151.904984    
   697.836487       151.878464    
   697.940430       151.851929    
   698.044373       151.825378    
   698.148315       151.798813    
   698.252258       151.772232    
   698.356201       151.745636    
   698.460144       151.719025    
   698.564087       151.692398    
   698.668030       151.665756    
   698.771973       151.639099    
   698.875916       151.612427    
   698.979858       151.585739    
   699.083801       151.559036    
   699.187744       151.532318    
   699.291687       151.505585    
   699.395630       151.478836    
   699.499573       151.452072    
   699.603516       151.425293    
   699.707458       151.398499    
   699.811401       151.371689    
   699.915344       151.344864    
   700.019287       151.318024    
   700.123230       151.291168    
   700.227173       151.264297    
   700.331116       151.237411    
   700.435059       151.210510    
   700.539001       151.183594    
   700.642944       151.156662    
   700.746887       151.129715    
   700.850830       151.102753    
   700.954773       151.075775    
   701.058716       151.048782    
   701.162659       151.021774    
   701.266602       150.994751    
   701.370544       150.967712    
   701.474487       150.940659    
   701.578430       150.913589    
   701.682373       150.886505    
   701.786316       150.859406    
   701.890259       150.832291    
   701.994202       150.805161    
   702.098145       150.778015    
   702.202087       150.750854    
   702.306030       150.723679    
   702.409973       150.696487    
   702.513916       150.669281    
   702.617859       150.642059    
   702.721802       150.614822    
   702.825745       150.587570    
   702.929688       150.560303    
   703.033630       150.533020    
   703.137573       150.505722    
   703.241516       150.478409    
   703.345459       150.451080    
   703.449402       150.423737    
   703.553345       150.396378    
   703.657288       150.369003    
   703.761230       150.341614    
   703.865173       150.314209    
   703.969116       150.286789    
   704.073059       150.259354    
   704.177002       150.231903    
   704.280945       150.204437    
   704.384888       150.176956    
   704.488831       150.149460    
   704.592773       150.121948    
   704.696716       150.094421    
   704.800659       150.066879    
   704.904602       150.039322    
   705.008545       150.011749    
   705.112488       149.984161    
   705.216431       149.956558    
   705.320374       149.928940    
   705.424316       149.901306    
   705.528259       149.873657    
   705.632202       149.845993    
   705.736145       149.818314    
   705.840088       149.790619    
   705.944031       149.762909    
   706.047974       149.735184    
   706.151917       149.707443    
   706.255859       149.679688    
   706.359802       149.651917    
   706.463745       149.624130    
   706.567688       149.596329    
   706.671631       149.568512    
   706.775574       149.540680    
   706.879517       149.512833    
   706.983459       149.484970    
   707.087402       149.457092    
   707.191345       149.429199    
   707.295288       149.401291    
   707.399231       149.373367    
   707.503174       149.345428    
   707.607117       149.317474    
   707.711060       149.289505    
   707.815002       149.261520    
   707.918945       149.233521    
   708.022888       149.205505    
   708.126831       149.177475    
   708.230774       149.149429    
   708.334717       149.121368    
   708.438660       149.093292    
   708.542603       149.065201    
   708.646545       149.037094    
   708.750488       149.008972    
   708.854431       148.980835    
   708.958374       148.952682    
   709.062317       148.924515    
   709.166260       148.896332    
   709.270203       148.868134    
   709.374146       148.839920    
   709.478088       148.811691    
   709.582031       148.783447    
   709.685974       148.755188    
   709.789917       148.726913    
   709.893860       148.698624    
   709.997803       148.670319    
   710.101746       148.641998    
   710.205688       148.613663    
   710.309631       148.585312    
   710.413574       148.556946    
   710.517517       148.528564    
   710.621460       148.500168    
   710.725403       148.471756    
   710.829346       148.443329    
   710.933289       148.414886    
   711.037231       148.386429    
   711.141174       148.357956    
   711.245117       148.329468    
   711.349060       148.300964    
   711.453003       148.272446    
   711.556946       148.243912    
   711.660889       148.215363    
   711.764832       148.186798    
   711.868774       148.158218    
   711.972717       148.129623    
   712.076660       148.101013    
   712.180603       148.072388    
   712.284546       148.043747    
   712.388489       148.015091    
   712.492432       147.986420    
   712.596375       147.957733    
   712.700317       147.929031    
   712.804260       147.900314    
   712.908203       147.871582    
   713.012146       147.842834    
   713.116089       147.814072    
   713.220032       147.785294    
   713.323975       147.756500    
   713.427917       147.727692    
   713.531860       147.698868    
   713.635803       147.670029    
   713.739746       147.641174    
   713.843689       147.612305    
   713.947632       147.583420    
   714.051575       147.554520    
   714.155518       147.525604    
   714.259460       147.496674    
   714.363403       147.467728    
   714.467346       147.438766    
   714.571289       147.409790    
   714.675232       147.380798    
   714.779175       147.351791    
   714.883118       147.322769    
   714.987061       147.293732    
   715.091003       147.264679    
   715.194946       147.235611    
   715.298889       147.206528    
   715.402832       147.177429    
   715.506775       147.148315    
   715.610718       147.119186    
   715.714661       147.090042    
   715.818604       147.060883    
   715.922546       147.031708    
   716.026489       147.002518    
   716.130432       146.973312    
   716.234375       146.944092    
   716.338318       146.914856    
   716.442261       146.885605    
   716.546204       146.856339    
   716.650146       146.827057    
   716.754089       146.797760    
   716.858032       146.768448    
   716.961975       146.739120    
   717.065918       146.709778    
   717.169861       146.680420    
   717.273804       146.651047    
   717.377747       146.621658    
   717.481689       146.592255    
   717.585632       146.562836    
   717.689575       146.533401    
   717.793518       146.503952    
   717.897461       146.474487    
   718.001404       146.445007    
   718.105347       146.415512    
   718.209290       146.386002    
   718.313232       146.356476    
   718.417175       146.326935    
   718.521118       146.297379    
   718.625061       146.267807    
   718.729004       146.238220    
   718.832947       146.208618    
   718.936890       146.179001    
   719.040833       146.149368    
   719.144775       146.119720    
   719.248718       146.090057    
   719.352661       146.060379    
   719.456604       146.030685    
   719.560547       146.000977    
   719.664490       145.971252    
   719.768433       145.941513    
   719.872375       145.911758    
   719.976318       145.881989    
   720.080261       145.852203    
   720.184204       145.822403    
   720.288147       145.792587    
   720.392090       145.762756    
   720.496033       145.732910    
   720.599976       145.703049    
   720.703918       145.673172    
   720.807861       145.643280    
   720.911804       145.613373    
   721.015747       145.583450    
   721.119690       145.553513    
   721.223633       145.523560    
   721.327576       145.493591    
   721.431519       145.463608    
   721.535461       145.433609    
   721.639404       145.403595    
   721.743347       145.373566    
   721.847290       145.343521    
   721.951233       145.313461    
   722.055176       145.283386    
   722.159119       145.253296    
   722.263062       145.223190    
   722.367004       145.193069    
   722.470947       145.162933    
   722.574890       145.132782    
   722.678833       145.102615    
   722.782776       145.072433    
   722.886719       145.042236    
   722.990662       145.012024    
   723.094604       144.981796    
   723.198547       144.951553    
   723.302490       144.921295    
   723.406433       144.891022    
   723.510376       144.860733    
   723.614319       144.830429    
   723.718262       144.800110    
   723.822205       144.769775    
   723.926147       144.739426    
   724.030090       144.709061    
   724.134033       144.678680    
   724.237976       144.648285    
   724.341919       144.617874    
   724.445862       144.587448    
   724.549805       144.557007    
   724.653748       144.526550    
   724.757690       144.496078    
   724.861633       144.465591    
   724.965576       144.435089    
   725.069519       144.404572    
   725.173462       144.374039    
   725.277405       144.343491    
   725.381348       144.312927    
   725.485291       144.282349    
   725.589233       144.251755    
   725.693176       144.221146    
   725.797119       144.190521    
   725.901062       144.159882    
   726.005005       144.129227    
   726.108948       144.098557    
   726.212891       144.067871    
   726.316833       144.037170    
   726.420776       144.006454    
   726.524719       143.975723    
   726.628662       143.944977    
   726.732605       143.914215    
   726.836548       143.883438    
   726.940491       143.852646    
   727.044434       143.821838    
   727.148376       143.791016    
   727.252319       143.760178    
   727.356262       143.729324    
   727.460205       143.698456    
   727.564148       143.667572    
   727.668091       143.636673    
   727.772034       143.605759    
   727.875977       143.574829    
   727.979919       143.543884    
   728.083862       143.512924    
   728.187805       143.481949    
   728.291748       143.450958    
   728.395691       143.419952    
   728.499634       143.388931    
   728.603577       143.357895    
   728.707520       143.326843    
   728.811462       143.295776    
   728.915405       143.264694    
   729.019348       143.233597    
   729.123291       143.202484    
   729.227234       143.171356    
   729.331177       143.140213    
   729.435120       143.109055    
   729.539062       143.077881    
   729.643005       143.046692    
   729.746948       143.015488    
   729.850891       142.984268    
   729.954834       142.953033    
   730.058777       142.921783    
   730.162720       142.890518    
   730.266663       142.859238    
   730.370605       142.827942    
   730.474548       142.796631    
   730.578491       142.765305    
   730.682434       142.733963    
   730.786377       142.702606    
   730.890320       142.671234    
   730.994263       142.639847    
   731.098206       142.608444    
   731.202148       142.577026    
   731.306091       142.545593    
   731.410034       142.514145    
   731.513977       142.482681    
   731.617920       142.451202    
   731.721863       142.419708    
   731.825806       142.388199    
   731.929749       142.356674    
   732.033691       142.325134    
   732.137634       142.293579    
   732.241577       142.262009    
   732.345520       142.230423    
   732.449463       142.198822    
   732.553406       142.167206    
   732.657349       142.135574    
   732.761292       142.103928    
   732.865234       142.072266    
   732.969177       142.040588    
   733.073120       142.008896    
   733.177063       141.977188    
   733.281006       141.945465    
   733.384949       141.913727    
   733.488892       141.881973    
   733.592834       141.850204    
   733.696777       141.818420    
   733.800720       141.786621    
   733.904663       141.754807    
   734.008606       141.722977    
   734.112549       141.691132    
   734.216492       141.659271    
   734.320435       141.627396    
   734.424377       141.595505    
   734.528320       141.563599    
   734.632263       141.531677    
   734.736206       141.499741    
   734.840149       141.467789    
   734.944092       141.435822    
   735.048035       141.403839    
   735.151978       141.371841    
   735.255920       141.339828    
   735.359863       141.307800    
   735.463806       141.275757    
   735.567749       141.243698    
   735.671692       141.211624    
   735.775635       141.179535    
   735.879578       141.147430    
   735.983521       141.115311    
   736.087463       141.083176    
   736.191406       141.051025    
   736.295349       141.018860    
   736.399292       140.986679    
   736.503235       140.954483    
   736.607178       140.922272    
   736.711121       140.890045    
   736.815063       140.857803    
   736.919006       140.825546    
   737.022949       140.793274    
   737.126892       140.760986    
   737.230835       140.728683    
   737.334778       140.696365    
   737.438721       140.664032    
   737.542664       140.631683    
   737.646606       140.599319    
   737.750549       140.566940    
   737.854492       140.534546    
   737.958435       140.502136    
   738.062378       140.469711    
   738.166321       140.437271    
   738.270264       140.404816    
   738.374207       140.372345    
   738.478149       140.339859    
   738.582092       140.307358    
   738.686035       140.274841    
   738.789978       140.242310    
   738.893921       140.209763    
   738.997864       140.177200    
   739.101807       140.144623    
   739.205750       140.112030    
   739.309692       140.079422    
   739.413635       140.046799    
   739.517578       140.014160    
   739.621521       139.981506    
   739.725464       139.948837    
   739.829407       139.916153    
   739.933350       139.883453    
   740.037292       139.850739    
   740.141235       139.818008    
   740.245178       139.785263    
   740.349121       139.752502    
   740.453064       139.719727    
   740.557007       139.686935    
   740.660950       139.654129    
   740.764893       139.621307    
   740.868835       139.588470    
   740.972778       139.555618    
   741.076721       139.522751    
   741.180664       139.489868    
   741.284607       139.456970    
   741.388550       139.424057    
   741.492493       139.391129    
   741.596436       139.358185    
   741.700378       139.325226    
   741.804321       139.292252    
   741.908264       139.259262    
   742.012207       139.226257    
   742.116150       139.193237    
   742.220093       139.160202    
   742.324036       139.127151    
   742.427979       139.094086    
   742.531921       139.061005    
   742.635864       139.027908    
   742.739807       138.994797    
   742.843750       138.961670    
   742.947693       138.928528    
   743.051636       138.895370    
   743.155579       138.862198    
   743.259521       138.829010    
   743.363464       138.795807    
   743.467407       138.762589    
   743.571350       138.729355    
   743.675293       138.696106    
   743.779236       138.662842    
   743.883179       138.629562    
   743.987122       138.596268    
   744.091064       138.562958    
   744.195007       138.529633    
   744.298950       138.496292    
   744.402893       138.462936    
   744.506836       138.429565    
   744.610779       138.396179    
   744.714722       138.362778    
   744.818665       138.329361    
   744.922607       138.295929    
   745.026550       138.262482    
   745.130493       138.229019    
   745.234436       138.195541    
   745.338379       138.162048    
   745.442322       138.128540    
   745.546265       138.095016    
   745.650208       138.061478    
   745.754150       138.027924    
   745.858093       137.994354    
   745.962036       137.960770    
   746.065979       137.927170    
   746.169922       137.893555    
   746.273865       137.859924    
   746.377808       137.826279    
   746.481750       137.792618    
   746.585693       137.758942    
   746.689636       137.725250    
   746.793579       137.691544    
   746.897522       137.657822    
   747.001465       137.624084    
   747.105408       137.590332    
   747.209351       137.556564    
   747.313293       137.522781    
   747.417236       137.488983    
   747.521179       137.455170    
   747.625122       137.421341    
   747.729065       137.387497    
   747.833008       137.353638    
   747.936951       137.319763    
   748.040894       137.285873    
   748.144836       137.251968    
   748.248779       137.218048    
   748.352722       137.184113    
   748.456665       137.150162    
   748.560608       137.116196    
   748.664551       137.082214    
   748.768494       137.048218    
   748.872437       137.014206    
   748.976379       136.980179    
   749.080322       136.946136    
   749.184265       136.912079    
   749.288208       136.878006    
   749.392151       136.843918    
   749.496094       136.809814    
   749.600037       136.775696    
   749.703979       136.741562    
   749.807922       136.707413    
   749.911865       136.673248    
   750.015808       136.639069    
   750.119751       136.604874    
   750.223694       136.570663    
   750.327637       136.536438    
   750.431580       136.502197    
   750.535522       136.467941    
   750.639465       136.433670    
   750.743408       136.399384    
   750.847351       136.365082    
   750.951294       136.330765    
   751.055237       136.296432    
   751.159180       136.262085    
   751.263123       136.227722    
   751.367065       136.193344    
   751.471008       136.158951    
   751.574951       136.124542    
   751.678894       136.090118    
   751.782837       136.055679    
   751.886780       136.021225    
   751.990723       135.986755    
   752.094666       135.952271    
   752.198608       135.917770    
   752.302551       135.883255    
   752.406494       135.848724    
   752.510437       135.814178    
   752.614380       135.779617    
   752.718323       135.745041    
   752.822266       135.710449    
   752.926208       135.675842    
   753.030151       135.641220    
   753.134094       135.606583    
   753.238037       135.571930    
   753.341980       135.537262    
   753.445923       135.502579    
   753.549866       135.467880    
   753.653809       135.433167    
   753.757751       135.398438    
   753.861694       135.363693    
   753.965637       135.328934    
   754.069580       135.294159    
   754.173523       135.259369    
   754.277466       135.224564    
   754.381409       135.189743    
   754.485352       135.154907    
   754.589294       135.120056    
   754.693237       135.085190    
   754.797180       135.050308    
   754.901123       135.015411    
   755.005066       134.980499    
   755.109009       134.945572    
   755.212952       134.910629    
   755.316895       134.875671    
   755.420837       134.840698    
   755.524780       134.805710    
   755.628723       134.770706    
   755.732666       134.735687    
   755.836609       134.700653    
   755.940552       134.665604    
   756.044495       134.630539    
   756.148438       134.595459    
   756.252380       134.560364    
   756.356323       134.525253    
   756.460266       134.490128    
   756.564209       134.454987    
   756.668152       134.419830    
   756.772095       134.384659    
   756.876038       134.349472    
   756.979980       134.314270    
   757.083923       134.279053    
   757.187866       134.243820    
   757.291809       134.208572    
   757.395752       134.173309    
   757.499695       134.138031    
   757.603638       134.102737    
   757.707581       134.067429    
   757.811523       134.032104    
   757.915466       133.996765    
   758.019409       133.961411    
   758.123352       133.926041    
   758.227295       133.890656    
   758.331238       133.855255    
   758.435181       133.819839    
   758.539124       133.784409    
   758.643066       133.748962    
   758.747009       133.713501    
   758.850952       133.678024    
   758.954895       133.642532    
   759.058838       133.607025    
   759.162781       133.571503    
   759.266724       133.535965    
   759.370667       133.500412    
   759.474609       133.464844    
   759.578552       133.429260    
   759.682495       133.393661    
   759.786438       133.358047    
   759.890381       133.322418    
   759.994324       133.286774    
   760.098267       133.251114    
   760.202209       133.215439    
   760.306152       133.179749    
   760.410095       133.144043    
   760.514038       133.108322    
   760.617981       133.072586    
   760.721924       133.036835    
   760.825867       133.001068    
   760.929810       132.965286    
   761.033752       132.929489    
   761.137695       132.893677    
   761.241638       132.857849    
   761.345581       132.822006    
   761.449524       132.786148    
   761.553467       132.750275    
   761.657410       132.714386    
   761.761353       132.678482    
   761.865295       132.642563    
   761.969238       132.606628    
   762.073181       132.570679    
   762.177124       132.534714    
   762.281067       132.498734    
   762.385010       132.462738    
   762.488953       132.426727    
   762.592896       132.390701    
   762.696838       132.354660    
   762.800781       132.318604    
   762.904724       132.282532    
   763.008667       132.246445    
   763.112610       132.210342    
   763.216553       132.174225    
   763.320496       132.138092    
   763.424438       132.101944    
   763.528381       132.065781    
   763.632324       132.029602    
   763.736267       131.993408    
   763.840210       131.957199    
   763.944153       131.920975    
   764.048096       131.884735    
   764.152039       131.848480    
   764.255981       131.812210    
   764.359924       131.775925    
   764.463867       131.739624    
   764.567810       131.703308    
   764.671753       131.666977    
   764.775696       131.630630    
   764.879639       131.594269    
   764.983582       131.557892    
   765.087524       131.521500    
   765.191467       131.485092    
   765.295410       131.448669    
   765.399353       131.412231    
   765.503296       131.375778    
   765.607239       131.339310    
   765.711182       131.302826    
   765.815125       131.266327    
   765.919067       131.229813    
   766.023010       131.193283    
   766.126953       131.156738    
   766.230896       131.120178    
   766.334839       131.083603    
   766.438782       131.047012    
   766.542725       131.010406    
   766.646667       130.973785    
   766.750610       130.937149    
   766.854553       130.900497    
   766.958496       130.863831    
   767.062439       130.827148    
   767.166382       130.790451    
   767.270325       130.753738    
   767.374268       130.717010    
   767.478210       130.680267    
   767.582153       130.643509    
   767.686096       130.606735    
   767.790039       130.569946    
   767.893982       130.533142    
   767.997925       130.496323    
   768.101868       130.459488    
   768.205811       130.422638    
   768.309753       130.385773    
   768.413696       130.348892    
   768.517639       130.311996    
   768.621582       130.275085    
   768.725525       130.238159    
   768.829468       130.201218    
   768.933411       130.164261    
   769.037354       130.127289    
   769.141296       130.090302    
   769.245239       130.053299    
   769.349182       130.016281    
   769.453125       129.979248    
   769.557068       129.942200    
   769.661011       129.905136    
   769.764954       129.868057    
   769.868896       129.830963    
   769.972839       129.793854    
   770.076782       129.756729    
   770.180725       129.719589    
   770.284668       129.682434    
   770.388611       129.645264    
   770.492554       129.608078    
   770.596497       129.570877    
   770.700439       129.533661    
   770.804382       129.496429    
   770.908325       129.459183    
   771.012268       129.421921    
   771.116211       129.384644    
   771.220154       129.347351    
   771.324097       129.310043    
   771.428040       129.272720    
   771.531982       129.235382    
   771.635925       129.198029    
   771.739868       129.160660    
   771.843811       129.123276    
   771.947754       129.085876    
   772.051697       129.048462    
   772.155640       129.011032    
   772.259583       128.973587    
   772.363525       128.936127    
   772.467468       128.898651    
   772.571411       128.861160    
   772.675354       128.823654    
   772.779297       128.786133    
   772.883240       128.748596    
   772.987183       128.711044    
   773.091125       128.673477    
   773.195068       128.635895    
   773.299011       128.598297    
   773.402954       128.560684    
   773.506897       128.523056    
   773.610840       128.485413    
   773.714783       128.447754    
   773.818726       128.410080    
   773.922668       128.372391    
   774.026611       128.334686    
   774.130554       128.296967    
   774.234497       128.259232    
   774.338440       128.221481    
   774.442383       128.183716    
   774.546326       128.145935    
   774.650269       128.108139    
   774.754211       128.070328    
   774.858154       128.032501    
   774.962097       127.994667    
   775.066040       127.956825    
   775.169983       127.918976    
   775.273926       127.881119    
   775.377869       127.843254    
   775.481812       127.805382    
   775.585754       127.767502    
   775.689697       127.729614    
   775.793640       127.691719    
   775.897583       127.653816    
   776.001526       127.615906    
   776.105469       127.577988    
   776.209412       127.540062    
   776.313354       127.502129    
   776.417297       127.464188    
   776.521240       127.426239    
   776.625183       127.388283    
   776.729126       127.350319    
   776.833069       127.312347    
   776.937012       127.274368    
   777.040955       127.236382    
   777.144897       127.198387    
   777.248840       127.160385    
   777.352783       127.122375    
   777.456726       127.084358    
   777.560669       127.046333    
   777.664612       127.008301    
   777.768555       126.970261    
   777.872498       126.932213    
   777.976440       126.894157    
   778.080383       126.856094    
   778.184326       126.818024    
   778.288269       126.779945    
   778.392212       126.741859    
   778.496155       126.703766    
   778.600098       126.665665    
   778.704041       126.627556    
   778.807983       126.589439    
   778.911926       126.551315    
   779.015869       126.513184    
   779.119812       126.475044    
   779.223755       126.436897    
   779.327698       126.398743    
   779.431641       126.360580    
   779.535583       126.322411    
   779.639526       126.284233    
   779.743469       126.246048    
   779.847412       126.207855    
   779.951355       126.169655    
   780.055298       126.131447    
   780.159241       126.093231    
   780.263184       126.055008    
   780.367126       126.016777    
   780.471069       125.978539    
   780.575012       125.940292    
   780.678955       125.902039    
   780.782898       125.863777    
   780.886841       125.825508    
   780.990784       125.787231    
   781.094727       125.748947    
   781.198669       125.710655    
   781.302612       125.672356    
   781.406555       125.634048    
   781.510498       125.595734    
   781.614441       125.557411    
   781.718384       125.519081    
   781.822327       125.480743    
   781.926270       125.442398    
   782.030212       125.404045    
   782.134155       125.365685    
   782.238098       125.327316    
   782.342041       125.288940    
   782.445984       125.250557    
   782.549927       125.212166    
   782.653870       125.173767    
   782.757812       125.135361    
   782.861755       125.096947    
   782.965698       125.058525    
   783.069641       125.020096    
   783.173584       124.981659    
   783.277527       124.943214    
   783.381470       124.904762    
   783.485413       124.866302    
   783.589355       124.827835    
   783.693298       124.789360    
   783.797241       124.750877    
   783.901184       124.712387    
   784.005127       124.673889    
   784.109070       124.635384    
   784.213013       124.596870    
   784.316956       124.558350    
   784.420898       124.519821    
   784.524841       124.481285    
   784.628784       124.442741    
   784.732727       124.404190    
   784.836670       124.365631    
   784.940613       124.327065    
   785.044556       124.288490    
   785.148499       124.249908    
   785.252441       124.211319    
   785.356384       124.172722    
   785.460327       124.134117    
   785.564270       124.095505    
   785.668213       124.056885    
   785.772156       124.018257    
   785.876099       123.979622    
   785.980042       123.940979    
   786.083984       123.902328    
   786.187927       123.863670    
   786.291870       123.825005    
   786.395813       123.786331    
   786.499756       123.747650    
   786.603699       123.708961    
   786.707642       123.670265    
   786.811584       123.631561    
   786.915527       123.592850    
   787.019470       123.554131    
   787.123413       123.515404    
   787.227356       123.476669    
   787.331299       123.437927    
   787.435242       123.399178    
   787.539185       123.360420    
   787.643127       123.321655    
   787.747070       123.282883    
   787.851013       123.244102    
   787.954956       123.205315    
   788.058899       123.166519    
   788.162842       123.127716    
   788.266785       123.088905    
   788.370728       123.050087    
   788.474670       123.011261    
   788.578613       122.972427    
   788.682556       122.933586    
   788.786499       122.894737    
   788.890442       122.855881    
   788.994385       122.817017    
   789.098328       122.778145    
   789.202271       122.739265    
   789.306213       122.700378    
   789.410156       122.661484    
   789.514099       122.622581    
   789.618042       122.583672    
   789.721985       122.544754    
   789.825928       122.505829    
   789.929871       122.466896    
   790.033813       122.427956    
   790.137756       122.389008    
   790.241699       122.350052    
   790.345642       122.311089    
   790.449585       122.272118    
   790.553528       122.233139    
   790.657471       122.194153    
   790.761414       122.155159    
   790.865356       122.116158    
   790.969299       122.077148    
   791.073242       122.038132    
   791.177185       121.999107    
   791.281128       121.960075    
   791.385071       121.921036    
   791.489014       121.881989    
   791.592957       121.842934    
   791.696899       121.803871    
   791.800842       121.764801    
   791.904785       121.725723    
   792.008728       121.686638    
   792.112671       121.647545    
   792.216614       121.608444    
   792.320557       121.569336    
   792.424500       121.530220    
   792.528442       121.491096    
   792.632385       121.451965    
   792.736328       121.412827    
   792.840271       121.373680    
   792.944214       121.334526    
   793.048157       121.295364    
   793.152100       121.256195    
   793.256042       121.217018    
   793.359985       121.177834    
   793.463928       121.138641    
   793.567871       121.099442    
   793.671814       121.060234    
   793.775757       121.021019    
   793.879700       120.981796    
   793.983643       120.942566    
   794.087585       120.903328    
   794.191528       120.864082    
   794.295471       120.824829    
   794.399414       120.785568    
   794.503357       120.746300    
   794.607300       120.707024    
   794.711243       120.667740    
   794.815186       120.628448    
   794.919128       120.589149    
   795.023071       120.549843    
   795.127014       120.510529    
   795.230957       120.471207    
   795.334900       120.431877    
   795.438843       120.392540    
   795.542786       120.353195    
   795.646729       120.313843    
   795.750671       120.274483    
   795.854614       120.235115    
   795.958557       120.195740    
   796.062500       120.156357    
   796.166443       120.116966    
   796.270386       120.077568    
   796.374329       120.038162    
   796.478271       119.998749    
   796.582214       119.959328    
   796.686157       119.919899    
   796.790100       119.880463    
   796.894043       119.841019    
   796.997986       119.801567    
   797.101929       119.762108    
   797.205872       119.722641    
   797.309814       119.683167    
   797.413757       119.643684    
   797.517700       119.604195    
   797.621643       119.564697    
   797.725586       119.525192    
   797.829529       119.485680    
   797.933472       119.446159    
   798.037415       119.406631    
   798.141357       119.367096    
   798.245300       119.327553    
   798.349243       119.288002    
   798.453186       119.248444    
   798.557129       119.208878    
   798.661072       119.169304    
   798.765015       119.129723    
   798.868958       119.090134    
   798.972900       119.050537    
   799.076843       119.010933    
   799.180786       118.971321    
   799.284729       118.931702    
   799.388672       118.892075    
   799.492615       118.852440    
   799.596558       118.812798    
   799.700500       118.773148    
   799.804443       118.733490    
   799.908386       118.693825    
   800.012329       118.654152    
   800.116272       118.614471    
   800.220215       118.574783    
   800.324158       118.535088    
   800.428101       118.495384    
   800.532043       118.455673    
   800.635986       118.415955    
   800.739929       118.376228    
   800.843872       118.336494    
   800.947815       118.296753    
   801.051758       118.257004    
   801.155701       118.217247    
   801.259644       118.177483    
   801.363586       118.137711    
   801.467529       118.097931    
   801.571472       118.058144    
   801.675415       118.018349    
   801.779358       117.978546    
   801.883301       117.938736    
   801.987244       117.898918    
   802.091187       117.859093    
   802.195129       117.819260    
   802.299072       117.779419    
   802.403015       117.739571    
   802.506958       117.699715    
   802.610901       117.659851    
   802.714844       117.619980    
   802.818787       117.580101    
   802.922729       117.540215    
   803.026672       117.500320    
   803.130615       117.460419    
   803.234558       117.420509    
   803.338501       117.380592    
   803.442444       117.340668    
   803.546387       117.300735    
   803.650330       117.260796    
   803.754272       117.220848    
   803.858215       117.180893    
   803.962158       117.140930    
   804.066101       117.100960    
   804.170044       117.060982    
   804.273987       117.020996    
   804.377930       116.981003    
   804.481873       116.941002    
   804.585815       116.900993    
   804.689758       116.860977    
   804.793701       116.820953    
   804.897644       116.780922    
   805.001587       116.740883    
   805.105530       116.700836    
   805.209473       116.660782    
   805.313416       116.620720    
   805.417358       116.580650    
   805.521301       116.540573    
   805.625244       116.500488    
   805.729187       116.460396    
   805.833130       116.420296    
   805.937073       116.380188    
   806.041016       116.340073    
   806.144958       116.299950    
   806.248901       116.259819    
   806.352844       116.219681    
   806.456787       116.179535    
   806.560730       116.139381    
   806.664673       116.099220    
   806.768616       116.059052    
   806.872559       116.018875    
   806.976501       115.978691    
   807.080444       115.938499    
   807.184387       115.898300    
   807.288330       115.858093    
   807.392273       115.817879    
   807.496216       115.777657    
   807.600159       115.737427    
   807.704102       115.697189    
   807.808044       115.656944    
   807.911987       115.616692    
   808.015930       115.576431    
   808.119873       115.536163    
   808.223816       115.495888    
   808.327759       115.455605    
   808.431702       115.415314    
   808.535645       115.375015    
   808.639587       115.334709    
   808.743530       115.294395    
   808.847473       115.254074    
   808.951416       115.213745    
   809.055359       115.173409    
   809.159302       115.133064    
   809.263245       115.092712    
   809.367188       115.052353    
   809.471130       115.011986    
   809.575073       114.971611    
   809.679016       114.931229    
   809.782959       114.890839    
   809.886902       114.850441    
   809.990845       114.810036    
   810.094788       114.769623    
   810.198730       114.729202    
   810.302673       114.688774    
   810.406616       114.648338    
   810.510559       114.607895    
   810.614502       114.567444    
   810.718445       114.526985    
   810.822388       114.486519    
   810.926331       114.446045    
   811.030273       114.405563    
   811.134216       114.365074    
   811.238159       114.324577    
   811.342102       114.284073    
   811.446045       114.243561    
   811.549988       114.203041    
   811.653931       114.162514    
   811.757874       114.121979    
   811.861816       114.081436    
   811.965759       114.040886    
   812.069702       114.000328    
   812.173645       113.959763    
   812.277588       113.919189    
   812.381531       113.878609    
   812.485474       113.838020    
   812.589417       113.797424    
   812.693359       113.756821    
   812.797302       113.716209    
   812.901245       113.675591    
   813.005188       113.634964    
   813.109131       113.594330    
   813.213074       113.553688    
   813.317017       113.513039    
   813.420959       113.472382    
   813.524902       113.431717    
   813.628845       113.391045    
   813.732788       113.350365    
   813.836731       113.309677    
   813.940674       113.268982    
   814.044617       113.228279    
   814.148560       113.187569    
   814.252502       113.146851    
   814.356445       113.106125    
   814.460388       113.065392    
   814.564331       113.024651    
   814.668274       112.983902    
   814.772217       112.943146    
   814.876160       112.902382    
   814.980103       112.861610    
   815.084045       112.820831    
   815.187988       112.780045    
   815.291931       112.739250    
   815.395874       112.698448    
   815.499817       112.657639    
   815.603760       112.616821    
   815.707703       112.575996    
   815.811646       112.535164    
   815.915588       112.494324    
   816.019531       112.453476    
   816.123474       112.412621    
   816.227417       112.371758    
   816.331360       112.330887    
   816.435303       112.290009    
   816.539246       112.249123    
   816.643188       112.208229    
   816.747131       112.167328    
   816.851074       112.126419    
   816.955017       112.085503    
   817.058960       112.044579    
   817.162903       112.003647    
   817.266846       111.962708    
   817.370789       111.921761    
   817.474731       111.880806    
   817.578674       111.839844    
   817.682617       111.798874    
   817.786560       111.757896    
   817.890503       111.716911    
   817.994446       111.675919    
   818.098389       111.634918    
   818.202332       111.593910    
   818.306274       111.552895    
   818.410217       111.511871    
   818.514160       111.470840    
   818.618103       111.429802    
   818.722046       111.388756    
   818.825989       111.347702    
   818.929932       111.306641    
   819.033875       111.265572    
   819.137817       111.224495    
   819.241760       111.183411    
   819.345703       111.142319    
   819.449646       111.101219    
   819.553589       111.060112    
   819.657532       111.018997    
   819.761475       110.977875    
   819.865417       110.936745    
   819.969360       110.895607    
   820.073303       110.854462    
   820.177246       110.813309    
   820.281189       110.772148    
   820.385132       110.730980    
   820.489075       110.689804    
   820.593018       110.648621    
   820.696960       110.607430    
   820.800903       110.566231    
   820.904846       110.525024    
   821.008789       110.483810    
   821.112732       110.442589    
   821.216675       110.401360    
   821.320618       110.360123    
   821.424561       110.318878    
   821.528503       110.277626    
   821.632446       110.236366    
   821.736389       110.195099    
   821.840332       110.153824    
   821.944275       110.112541    
   822.048218       110.071251    
   822.152161       110.029953    
   822.256104       109.988647    
   822.360046       109.947334    
   822.463989       109.906013    
   822.567932       109.864685    
   822.671875       109.823349    
   822.775818       109.782005    
   822.879761       109.740654    
   822.983704       109.699295    
   823.087646       109.657928    
   823.191589       109.616554    
   823.295532       109.575172    
   823.399475       109.533783    
   823.503418       109.492386    
   823.607361       109.450981    
   823.711304       109.409569    
   823.815247       109.368149    
   823.919189       109.326721    
   824.023132       109.285286    
   824.127075       109.243843    
   824.231018       109.202393    
   824.334961       109.160934    
   824.438904       109.119469    
   824.542847       109.077995    
   824.646790       109.036514    
   824.750732       108.995026    
   824.854675       108.953529    
   824.958618       108.912025    
   825.062561       108.870514    
   825.166504       108.828995    
   825.270447       108.787468    
   825.374390       108.745934    
   825.478333       108.704391    
   825.582275       108.662842    
   825.686218       108.621284    
   825.790161       108.579720    
   825.894104       108.538147    
   825.998047       108.496567    
   826.101990       108.454979    
   826.205933       108.413383    
   826.309875       108.371780    
   826.413818       108.330170    
   826.517761       108.288551    
   826.621704       108.246925    
   826.725647       108.205292    
   826.829590       108.163651    
   826.933533       108.122002    
   827.037476       108.080345    
   827.141418       108.038681    
   827.245361       107.997009    
   827.349304       107.955330    
   827.453247       107.913643    
   827.557190       107.871948    
   827.661133       107.830246    
   827.765076       107.788536    
   827.869019       107.746819    
   827.972961       107.705093    
   828.076904       107.663361    
   828.180847       107.621620    
   828.284790       107.579872    
   828.388733       107.538116    
   828.492676       107.496353    
   828.596619       107.454582    
   828.700562       107.412804    
   828.804504       107.371017    
   828.908447       107.329224    
   829.012390       107.287422    
   829.116333       107.245613    
   829.220276       107.203796    
   829.324219       107.161972    
   829.428162       107.120140    
   829.532104       107.078300    
   829.636047       107.036453    
   829.739990       106.994598    
   829.843933       106.952736    
   829.947876       106.910866    
   830.051819       106.868988    
   830.155762       106.827103    
   830.259705       106.785210    
   830.363647       106.743309    
   830.467590       106.701401    
   830.571533       106.659485    
   830.675476       106.617561    
   830.779419       106.575630    
   830.883362       106.533691    
   830.987305       106.491745    
   831.091248       106.449791    
   831.195190       106.407829    
   831.299133       106.365860    
   831.403076       106.323883    
   831.507019       106.281898    
   831.610962       106.239906    
   831.714905       106.197906    
   831.818848       106.155899    
   831.922791       106.113884    
   832.026733       106.071861    
   832.130676       106.029831    
   832.234619       105.987793    
   832.338562       105.945747    
   832.442505       105.903694    
   832.546448       105.861633    
   832.650391       105.819565    
   832.754333       105.777489    
   832.858276       105.735405    
   832.962219       105.693314    
   833.066162       105.651215    
   833.170105       105.609108    
   833.274048       105.566994    
   833.377991       105.524872    
   833.481934       105.482742    
   833.585876       105.440605    
   833.689819       105.398460    
   833.793762       105.356308    
   833.897705       105.314148    
   834.001648       105.271980    
   834.105591       105.229805    
   834.209534       105.187622    
   834.313477       105.145432    
   834.417419       105.103233    
   834.521362       105.061028    
   834.625305       105.018814    
   834.729248       104.976593    
   834.833191       104.934364    
   834.937134       104.892128    
   835.041077       104.849884    
   835.145020       104.807632    
   835.248962       104.765373    
   835.352905       104.723106    
   835.456848       104.680832    
   835.560791       104.638550    
   835.664734       104.596260    
   835.768677       104.553963    
   835.872620       104.511658    
   835.976562       104.469345    
   836.080505       104.427025    
   836.184448       104.384697    
   836.288391       104.342361    
   836.392334       104.300018    
   836.496277       104.257668    
   836.600220       104.215309    
   836.704163       104.172943    
   836.808105       104.130569    
   836.912048       104.088188    
   837.015991       104.045799    
   837.119934       104.003403    
   837.223877       103.960999    
   837.327820       103.918587    
   837.431763       103.876167    
   837.535706       103.833740    
   837.639648       103.791306    
   837.743591       103.748863    
   837.847534       103.706413    
   837.951477       103.663956    
   838.055420       103.621490    
   838.159363       103.579018    
   838.263306       103.536537    
   838.367249       103.494049    
   838.471191       103.451553    
   838.575134       103.409050    
   838.679077       103.366539    
   838.783020       103.324020    
   838.886963       103.281494    
   838.990906       103.238960    
   839.094849       103.196419    
   839.198792       103.153870    
   839.302734       103.111313    
   839.406677       103.068748    
   839.510620       103.026176    
   839.614563       102.983597    
   839.718506       102.941010    
   839.822449       102.898415    
   839.926392       102.855812    
   840.030334       102.813202    
   840.134277       102.770584    
   840.238220       102.727959    
   840.342163       102.685326    
   840.446106       102.642685    
   840.550049       102.600037    
   840.653992       102.557381    
   840.757935       102.514717    
   840.861877       102.472046    
   840.965820       102.429367    
   841.069763       102.386681    
   841.173706       102.343987    
   841.277649       102.301285    
   841.381592       102.258575    
   841.485535       102.215858    
   841.589478       102.173134    
   841.693420       102.130402    
   841.797363       102.087662    
   841.901306       102.044914    
   842.005249       102.002159    
   842.109192       101.959396    
   842.213135       101.916626    
   842.317078       101.873848    
   842.421021       101.831062    
   842.524963       101.788269    
   842.628906       101.745468    
   842.732849       101.702660    
   842.836792       101.659843    
   842.940735       101.617020    
   843.044678       101.574188    
   843.148621       101.531349    
   843.252563       101.488503    
   843.356506       101.445648    
   843.460449       101.402786    
   843.564392       101.359917    
   843.668335       101.317039    
   843.772278       101.274155    
   843.876221       101.231262    
   843.980164       101.188362    
   844.084106       101.145454    
   844.188049       101.102539    
   844.291992       101.059616    
   844.395935       101.016685    
   844.499878       100.973747    
   844.603821       100.930801    
   844.707764       100.887848    
   844.811707       100.844887    
   844.915649       100.801918    
   845.019592       100.758942    
   845.123535       100.715958    
   845.227478       100.672966    
   845.331421       100.629967    
   845.435364       100.586960    
   845.539307       100.543945    
   845.643250       100.500923    
   845.747192       100.457893    
   845.851135       100.414856    
   845.955078       100.371811    
   846.059021       100.328758    
   846.162964       100.285698    
   846.266907       100.242630    
   846.370850       100.199554    
   846.474792       100.156471    
   846.578735       100.113380    
   846.682678       100.070282    
   846.786621       100.027176    
   846.890564       99.9840622    
   846.994507       99.9409409    
   847.098450       99.8978119    
   847.202393       99.8546753    
   847.306335       99.8115311    
   847.410278       99.7683792    
   847.514221       99.7252197    
   847.618164       99.6820526    
   847.722107       99.6388779    
   847.826050       99.5956955    
   847.929993       99.5525055    
   848.033936       99.5093079    
   848.137878       99.4661026    
   848.241821       99.4228897    
   848.345764       99.3796692    
   848.449707       99.3364410    
   848.553650       99.2932053    
   848.657593       99.2499619    
   848.761536       99.2067108    
   848.865479       99.1634521    
   848.969421       99.1201859    
   849.073364       99.0769119    
   849.177307       99.0336304    
   849.281250       98.9903412    
   849.385193       98.9470444    
   849.489136       98.9037399    
   849.593079       98.8604279    
   849.697021       98.8171082    
   849.800964       98.7737808    
   849.904907       98.7304459    
   850.008850       98.6871033    
   850.112793       98.6437531    
   850.216736       98.6003952    
   850.320679       98.5570297    
   850.424622       98.5136566    
   850.528564       98.4702759    
   850.632507       98.4268875    
   850.736450       98.3834915    
   850.840393       98.3400879    
   850.944336       98.2966766    
   851.048279       98.2532578    
   851.152222       98.2098312    
   851.256165       98.1663971    
   851.360107       98.1229553    
   851.464050       98.0795059    
   851.567993       98.0360489    
   851.671936       97.9925842    
   851.775879       97.9491119    
   851.879822       97.9056320    
   851.983765       97.8621445    
   852.087708       97.8186493    
   852.191650       97.7751465    
   852.295593       97.7316360    
   852.399536       97.6881180    
   852.503479       97.6445923    
   852.607422       97.6010590    
   852.711365       97.5575180    
   852.815308       97.5139694    
   852.919250       97.4704132    
   853.023193       97.4268494    
   853.127136       97.3832779    
   853.231079       97.3396988    
   853.335022       97.2961121    
   853.438965       97.2525177    
   853.542908       97.2089157    
   853.646851       97.1653061    
   853.750793       97.1216888    
   853.854736       97.0780640    
   853.958679       97.0344315    
   854.062622       96.9907913    
   854.166565       96.9471436    
   854.270508       96.9034882    
   854.374451       96.8598251    
   854.478394       96.8161545    
   854.582336       96.7724762    
   854.686279       96.7287903    
   854.790222       96.6850967    
   854.894165       96.6413956    
   854.998108       96.5976868    
   855.102051       96.5539703    
   855.205994       96.5102463    
   855.309937       96.4665146    
   855.413879       96.4227753    
   855.517822       96.3790283    
   855.621765       96.3352737    
   855.725708       96.2915115    
   855.829651       96.2477417    
   855.933594       96.2039642    
   856.037537       96.1601791    
   856.141479       96.1163864    
   856.245422       96.0725861    
   856.349365       96.0287781    
   856.453308       95.9849625    
   856.557251       95.9411392    
   856.661194       95.8973083    
   856.765137       95.8534698    
   856.869080       95.8096237    
   856.973022       95.7657700    
   857.076965       95.7219086    
   857.180908       95.6780396    
   857.284851       95.6341629    
   857.388794       95.5902786    
   857.492737       95.5463867    
   857.596680       95.5024872    
   857.700623       95.4585800    
   857.804565       95.4146652    
   857.908508       95.3707428    
   858.012451       95.3268127    
   858.116394       95.2828751    
   858.220337       95.2389297    
   858.324280       95.1949768    
   858.428223       95.1510162    
   858.532166       95.1070480    
   858.636108       95.0630722    
   858.740051       95.0190887    
   858.843994       94.9750977    
   858.947937       94.9310989    
   859.051880       94.8870926    
   859.155823       94.8430786    
   859.259766       94.7990570    
   859.363708       94.7550278    
   859.467651       94.7109909    
   859.571594       94.6669464    
   859.675537       94.6228943    
   859.779480       94.5788345    
   859.883423       94.5347672    
   859.987366       94.4906921    
   860.091309       94.4466095    
   860.195251       94.4025192    
   860.299194       94.3584213    
   860.403137       94.3143158    
   860.507080       94.2702026    
   860.611023       94.2260818    
   860.714966       94.1819534    
   860.818909       94.1378174    
   860.922852       94.0936737    
   861.026794       94.0495224    
   861.130737       94.0053635    
   861.234680       93.9611969    
   861.338623       93.9170227    
   861.442566       93.8728409    
   861.546509       93.8286514    
   861.650452       93.7844543    
   861.754395       93.7402496    
   861.858337       93.6960373    
   861.962280       93.6518173    
   862.066223       93.6075897    
   862.170166       93.5633545    
   862.274109       93.5191116    
   862.378052       93.4748611    
   862.481995       93.4306030    
   862.585938       93.3863373    
   862.689880       93.3420639    
   862.793823       93.2977829    
   862.897766       93.2534943    
   863.001709       93.2091980    
   863.105652       93.1648941    
   863.209595       93.1205826    
   863.313538       93.0762634    
   863.417480       93.0319366    
   863.521423       92.9876022    
   863.625366       92.9432602    
   863.729309       92.8989105    
   863.833252       92.8545532    
   863.937195       92.8101883    
   864.041138       92.7658157    
   864.145081       92.7214355    
   864.249023       92.6770477    
   864.352966       92.6326523    
   864.456909       92.5882492    
   864.560852       92.5438385    
   864.664795       92.4994202    
   864.768738       92.4549942    
   864.872681       92.4105606    
   864.976624       92.3661194    
   865.080566       92.3216705    
   865.184509       92.2772141    
   865.288452       92.2327499    
   865.392395       92.1882782    
   865.496338       92.1437988    
   865.600281       92.0993118    
   865.704224       92.0548172    
   865.808167       92.0103149    
   865.912109       91.9658051    
   866.016052       91.9212875    
   866.119995       91.8767624    
   866.223938       91.8322296    
   866.327881       91.7876892    
   866.431824       91.7431412    
   866.535767       91.6985855    
   866.639709       91.6540222    
   866.743652       91.6094513    
   866.847595       91.5648727    
   866.951538       91.5202866    
   867.055481       91.4756927    
   867.159424       91.4310913    
   867.263367       91.3864822    
   867.367310       91.3418655    
   867.471252       91.2972412    
   867.575195       91.2526093    
   867.679138       91.2079697    
   867.783081       91.1633224    
   867.887024       91.1186676    
   867.990967       91.0740051    
   868.094910       91.0293350    
   868.198853       90.9846573    
   868.302795       90.9399719    
   868.406738       90.8952789    
   868.510681       90.8505783    
   868.614624       90.8058701    
   868.718567       90.7611542    
   868.822510       90.7164307    
   868.926453       90.6716995    
   869.030396       90.6269608    
   869.134338       90.5822144    
   869.238281       90.5374603    
   869.342224       90.4926987    
   869.446167       90.4479294    
   869.550110       90.4031525    
   869.654053       90.3583679    
   869.757996       90.3135757    
   869.861938       90.2687759    
   869.965881       90.2239685    
   870.069824       90.1791534    
   870.173767       90.1343307    
   870.277710       90.0895004    
   870.381653       90.0446625    
   870.485596       89.9998169    
   870.589539       89.9549637    
   870.693481       89.9101028    
   870.797424       89.8652344    
   870.901367       89.8203583    
   871.005310       89.7754745    
   871.109253       89.7305832    
   871.213196       89.6856842    
   871.317139       89.6407776    
   871.421082       89.5958633    
   871.525024       89.5509415    
   871.628967       89.5060120    
   871.732910       89.4610748    
   871.836853       89.4161301    
   871.940796       89.3711777    
   872.044739       89.3262177    
   872.148682       89.2812500    
   872.252625       89.2362747    
   872.356567       89.1912918    
   872.460510       89.1463013    
   872.564453       89.1013031    
   872.668396       89.0562973    
   872.772339       89.0112839    
   872.876282       88.9662628    
   872.980225       88.9212341    
   873.084167       88.8761978    
   873.188110       88.8311539    
   873.292053       88.7861023    
   873.395996       88.7410431    
   873.499939       88.6959763    
   873.603882       88.6509018    
   873.707825       88.6058197    
   873.811768       88.5607300    
   873.915710       88.5156326    
   874.019653       88.4705276    
   874.123596       88.4254150    
   874.227539       88.3802948    
   874.331482       88.3351669    
   874.435425       88.2900314    
   874.539368       88.2448883    
   874.643311       88.1997375    
   874.747253       88.1545792    
   874.851196       88.1094131    
   874.955139       88.0642395    
   875.059082       88.0190582    
   875.163025       87.9738693    
   875.266968       87.9286728    
   875.370911       87.8834686    
   875.474854       87.8382568    
   875.578796       87.7930374    
   875.682739       87.7478104    
   875.786682       87.7025757    
   875.890625       87.6573334    
   875.994568       87.6120834    
   876.098511       87.5668259    
   876.202454       87.5215607    
   876.306396       87.4762878    
   876.410339       87.4310074    
   876.514282       87.3857193    
   876.618225       87.3404236    
   876.722168       87.2951202    
   876.826111       87.2498093    
   876.930054       87.2044907    
   877.033997       87.1591644    
   877.137939       87.1138306    
   877.241882       87.0684891    
   877.345825       87.0231400    
   877.449768       86.9777832    
   877.553711       86.9324188    
   877.657654       86.8870468    
   877.761597       86.8416672    
   877.865540       86.7962799    
   877.969482       86.7508850    
   878.073425       86.7054825    
   878.177368       86.6600723    
   878.281311       86.6146545    
   878.385254       86.5692291    
   878.489197       86.5237961    
   878.593140       86.4783554    
   878.697083       86.4329071    
   878.801025       86.3874512    
   878.904968       86.3419876    
   879.008911       86.2965164    
   879.112854       86.2510376    
   879.216797       86.2055511    
   879.320740       86.1600571    
   879.424683       86.1145554    
   879.528625       86.0690460    
   879.632568       86.0235291    
   879.736511       85.9780045    
   879.840454       85.9324722    
   879.944397       85.8869324    
   880.048340       85.8413849    
   880.152283       85.7958298    
   880.256226       85.7502670    
   880.360168       85.7046967    
   880.464111       85.6591187    
   880.568054       85.6135330    
   880.671997       85.5679398    
   880.775940       85.5223389    
   880.879883       85.4767303    
   880.983826       85.4311142    
   881.087769       85.3854904    
   881.191711       85.3398590    
   881.295654       85.2942200    
   881.399597       85.2485733    
   881.503540       85.2029190    
   881.607483       85.1572571    
   881.711426       85.1115875    
   881.815369       85.0659103    
   881.919312       85.0202255    
   882.023254       84.9745331    
   882.127197       84.9288330    
   882.231140       84.8831253    
   882.335083       84.8374100    
   882.439026       84.7916870    
   882.542969       84.7459564    
   882.646912       84.7002182    
   882.750854       84.6544724    
   882.854797       84.6087189    
   882.958740       84.5629578    
   883.062683       84.5171890    
   883.166626       84.4714127    
   883.270569       84.4256287    
   883.374512       84.3798370    
   883.478455       84.3340378    
   883.582397       84.2882309    
   883.686340       84.2424164    
   883.790283       84.1965942    
   883.894226       84.1507645    
   883.998169       84.1049271    
   884.102112       84.0590820    
   884.206055       84.0132294    
   884.309998       83.9673691    
   884.413940       83.9215012    
   884.517883       83.8756256    
   884.621826       83.8297424    
   884.725769       83.7838516    
   884.829712       83.7379532    
   884.933655       83.6920471    
   885.037598       83.6461334    
   885.141541       83.6002121    
   885.245483       83.5542831    
   885.349426       83.5083466    
   885.453369       83.4624023    
   885.557312       83.4164505    
   885.661255       83.3704910    
   885.765198       83.3245239    
   885.869141       83.2785492    
   885.973083       83.2325668    
   886.077026       83.1865768    
   886.180969       83.1405792    
   886.284912       83.0945740    
   886.388855       83.0485611    
   886.492798       83.0025406    
   886.596741       82.9565125    
   886.700684       82.9104767    
   886.804626       82.8644333    
   886.908569       82.8183823    
   887.012512       82.7723236    
   887.116455       82.7262573    
   887.220398       82.6801834    
   887.324341       82.6341019    
   887.428284       82.5880127    
   887.532227       82.5419159    
   887.636169       82.4958115    
   887.740112       82.4496994    
   887.844055       82.4035797    
   887.947998       82.3574524    
   888.051941       82.3113174    
   888.155884       82.2651749    
   888.259827       82.2190247    
   888.363770       82.1728668    
   888.467712       82.1267014    
   888.571655       82.0805283    
   888.675598       82.0343475    
   888.779541       81.9881592    
   888.883484       81.9419632    
   888.987427       81.8957596    
   889.091370       81.8495483    
   889.195312       81.8033295    
   889.299255       81.7571030    
   889.403198       81.7108688    
   889.507141       81.6646271    
   889.611084       81.6183777    
   889.715027       81.5721207    
   889.818970       81.5258560    
   889.922913       81.4795837    
   890.026855       81.4333038    
   890.130798       81.3870163    
   890.234741       81.3407211    
   890.338684       81.2944183    
   890.442627       81.2481079    
   890.546570       81.2017899    
   890.650513       81.1554642    
   890.754456       81.1091309    
   890.858398       81.0627899    
   890.962341       81.0164413    
   891.066284       80.9700851    
   891.170227       80.9237213    
   891.274170       80.8773499    
   891.378113       80.8309708    
   891.482056       80.7845840    
   891.585999       80.7381897    
   891.689941       80.6917877    
   891.793884       80.6453781    
   891.897827       80.5989609    
   892.001770       80.5525360    
   892.105713       80.5061035    
   892.209656       80.4596634    
   892.313599       80.4132156    
   892.417542       80.3667603    
   892.521484       80.3202972    
   892.625427       80.2738266    
   892.729370       80.2273483    
   892.833313       80.1808624    
   892.937256       80.1343689    
   893.041199       80.0878677    
   893.145142       80.0413589    
   893.249084       79.9948425    
   893.353027       79.9483185    
   893.456970       79.9017868    
   893.560913       79.8552475    
   893.664856       79.8087006    
   893.768799       79.7621460    
   893.872742       79.7155838    
   893.976685       79.6690140    
   894.080627       79.6224365    
   894.184570       79.5758514    
   894.288513       79.5292587    
   894.392456       79.4826584    
   894.496399       79.4360504    
   894.600342       79.3894348    
   894.704285       79.3428116    
   894.808228       79.2961807    
   894.912170       79.2495422    
   895.016113       79.2028961    
   895.120056       79.1562424    
   895.223999       79.1095810    
   895.327942       79.0629120    
   895.431885       79.0162354    
   895.535828       78.9695511    
   895.639771       78.9228592    
   895.743713       78.8761597    
   895.847656       78.8294525    
   895.951599       78.7827377    
   896.055542       78.7360153    
   896.159485       78.6892853    
   896.263428       78.6425476    
   896.367371       78.5958023    
   896.471313       78.5490494    
   896.575256       78.5022888    
   896.679199       78.4555206    
   896.783142       78.4087448    
   896.887085       78.3619614    
   896.991028       78.3151703    
   897.094971       78.2683716    
   897.198914       78.2215652    
   897.302856       78.1747513    
   897.406799       78.1279297    
   897.510742       78.0811005    
   897.614685       78.0342636    
   897.718628       77.9874191    
   897.822571       77.9405670    
   897.926514       77.8937073    
   898.030457       77.8468399    
   898.134399       77.7999649    
   898.238342       77.7530823    
   898.342285       77.7061920    
   898.446228       77.6592941    
   898.550171       77.6123886    
   898.654114       77.5654755    
   898.758057       77.5185547    
   898.862000       77.4716263    
   898.965942       77.4246902    
   899.069885       77.3777466    
   899.173828       77.3307953    
   899.277771       77.2838364    
   899.381714       77.2368698    
   899.485657       77.1898956    
   899.589600       77.1429138    
   899.693542       77.0959244    
   899.797485       77.0489273    
   899.901428       77.0019226    
   900.005371       76.9549103    
   900.109314       76.9078903    
   900.213257       76.8608627    
   900.317200       76.8138275    
   900.421143       76.7667847    
   900.525085       76.7197342    
   900.629028       76.6726761    
   900.732971       76.6256104    
   900.836914       76.5785370    
   900.940857       76.5314560    
   901.044800       76.4843674    
   901.148743       76.4372711    
   901.252686       76.3901672    
   901.356628       76.3430557    
   901.460571       76.2959366    
   901.564514       76.2488098    
   901.668457       76.2016754    
   901.772400       76.1545334    
   901.876343       76.1073837    
   901.980286       76.0602264    
   902.084229       76.0130615    
   902.188171       75.9658890    
   902.292114       75.9187088    
   902.396057       75.8715210    
   902.500000       75.8243256    
   902.603943       75.7771225    
   902.707886       75.7299118    
   902.811829       75.6826935    
   902.915771       75.6354675    
   903.019714       75.5882339    
   903.123657       75.5409927    
   903.227600       75.4937439    
   903.331543       75.4464874    
   903.435486       75.3992233    
   903.539429       75.3519516    
   903.643372       75.3046722    
   903.747314       75.2573853    
   903.851257       75.2100906    
   903.955200       75.1627884    
   904.059143       75.1154785    
   904.163086       75.0681610    
   904.267029       75.0208359    
   904.370972       74.9735031    
   904.474915       74.9261627    
   904.578857       74.8788147    
   904.682800       74.8314590    
   904.786743       74.7840958    
   904.890686       74.7367249    
   904.994629       74.6893463    
   905.098572       74.6419601    
   905.202515       74.5945663    
   905.306458       74.5471649    
   905.410400       74.4997559    
   905.514343       74.4523392    
   905.618286       74.4049149    
   905.722229       74.3574829    
   905.826172       74.3100433    
   905.930115       74.2625961    
   906.034058       74.2151413    
   906.138000       74.1676788    
   906.241943       74.1202087    
   906.345886       74.0727310    
   906.449829       74.0252457    
   906.553772       73.9777527    
   906.657715       73.9302521    
   906.761658       73.8827438    
   906.865601       73.8352280    
   906.969543       73.7877045    
   907.073486       73.7401733    
   907.177429       73.6926346    
   907.281372       73.6450882    
   907.385315       73.5975342    
   907.489258       73.5499725    
   907.593201       73.5024033    
   907.697144       73.4548264    
   907.801086       73.4072418    
   907.905029       73.3596497    
   908.008972       73.3120499    
   908.112915       73.2644424    
   908.216858       73.2168274    
   908.320801       73.1692047    
   908.424744       73.1215744    
   908.528687       73.0739365    
   908.632629       73.0262909    
   908.736572       72.9786377    
   908.840515       72.9309769    
   908.944458       72.8833084    
   909.048401       72.8356323    
   909.152344       72.7879486    
   909.256287       72.7402573    
   909.360229       72.6925583    
   909.464172       72.6448517    
   909.568115       72.5971375    
   909.672058       72.5494156    
   909.776001       72.5016861    
   909.879944       72.4539490    
   909.983887       72.4062042    
   910.087830       72.3584518    
   910.191772       72.3106918    
   910.295715       72.2629242    
   910.399658       72.2151489    
   910.503601       72.1673660    
   910.607544       72.1195755    
   910.711487       72.0717773    
   910.815430       72.0239716    
   910.919373       71.9761581    
   911.023315       71.9283371    
   911.127258       71.8805084    
   911.231201       71.8326721    
   911.335144       71.7848282    
   911.439087       71.7369766    
   911.543030       71.6891174    
   911.646973       71.6412506    
   911.750916       71.5933762    
   911.854858       71.5454941    
   911.958801       71.4976044    
   912.062744       71.4497070    
   912.166687       71.4018021    
   912.270630       71.3538895    
   912.374573       71.3059692    
   912.478516       71.2580414    
   912.582458       71.2101059    
   912.686401       71.1621628    
   912.790344       71.1142120    
   912.894287       71.0662537    
   912.998230       71.0182877    
   913.102173       70.9703140    
   913.206116       70.9223328    
   913.310059       70.8743439    
   913.414001       70.8263474    
   913.517944       70.7783432    
   913.621887       70.7303314    
   913.725830       70.6823120    
   913.829773       70.6342850    
   913.933716       70.5862503    
   914.037659       70.5382080    
   914.141602       70.4901581    
   914.245544       70.4421005    
   914.349487       70.3940353    
   914.453430       70.3459625    
   914.557373       70.2978821    
   914.661316       70.2497940    
   914.765259       70.2016983    
   914.869202       70.1535950    
   914.973145       70.1054840    
   915.077087       70.0573654    
   915.181030       70.0092392    
   915.284973       69.9611053    
   915.388916       69.9129639    
   915.492859       69.8648148    
   915.596802       69.8166580    
   915.700745       69.7684937    
   915.804688       69.7203217    
   915.908630       69.6721420    
   916.012573       69.6239548    
   916.116516       69.5757599    
   916.220459       69.5275574    
   916.324402       69.4793472    
   916.428345       69.4311295    
   916.532288       69.3829041    
   916.636230       69.3346710    
   916.740173       69.2864304    
   916.844116       69.2381821    
   916.948059       69.1899261    
   917.052002       69.1416626    
   917.155945       69.0933914    
   917.259888       69.0451126    
   917.363831       68.9968262    
   917.467773       68.9485321    
   917.571716       68.9002304    
   917.675659       68.8519211    
   917.779602       68.8036041    
   917.883545       68.7552795    
   917.987488       68.7069473    
   918.091431       68.6586075    
   918.195374       68.6102600    
   918.299316       68.5619049    
   918.403259       68.5135422    
   918.507202       68.4651718    
   918.611145       68.4167938    
   918.715088       68.3684082    
   918.819031       68.3200150    
   918.922974       68.2716141    
   919.026917       68.2232056    
   919.130859       68.1747894    
   919.234802       68.1263657    
   919.338745       68.0779343    
   919.442688       68.0294952    
   919.546631       67.9810486    
   919.650574       67.9325943    
   919.754517       67.8841324    
   919.858459       67.8356628    
   919.962402       67.7871857    
   920.066345       67.7387009    
   920.170288       67.6902084    
   920.274231       67.6417084    
   920.378174       67.5932007    
   920.482117       67.5446854    
   920.586060       67.4961624    
   920.690002       67.4476318    
   920.793945       67.3990936    
   920.897888       67.3505478    
   921.001831       67.3019943    
   921.105774       67.2534332    
   921.209717       67.2048645    
   921.313660       67.1562881    
   921.417603       67.1077042    
   921.521545       67.0591125    
   921.625488       67.0105133    
   921.729431       66.9619064    
   921.833374       66.9132919    
   921.937317       66.8646698    
   922.041260       66.8160400    
   922.145203       66.7674026    
   922.249146       66.7187576    
   922.353088       66.6701050    
   922.457031       66.6214447    
   922.560974       66.5727768    
   922.664917       66.5241013    
   922.768860       66.4754181    
   922.872803       66.4267273    
   922.976746       66.3780289    
   923.080688       66.3293228    
   923.184631       66.2806091    
   923.288574       66.2318878    
   923.392517       66.1831589    
   923.496460       66.1344223    
   923.600403       66.0856781    
   923.704346       66.0369263    
   923.808289       65.9881668    
   923.912231       65.9393997    
   924.016174       65.8906250    
   924.120117       65.8418427    
   924.224060       65.7930527    
   924.328003       65.7442551    
   924.431946       65.6954498    
   924.535889       65.6466370    
   924.639832       65.5978165    
   924.743774       65.5489883    
   924.847717       65.5001526    
   924.951660       65.4513092    
   925.055603       65.4024582    
   925.159546       65.3535995    
   925.263489       65.3047333    
   925.367432       65.2558594    
   925.471375       65.2069778    
   925.575317       65.1580887    
   925.679260       65.1091919    
   925.783203       65.0602875    
   925.887146       65.0113754    
   925.991089       64.9624557    
   926.095032       64.9135284    
   926.198975       64.8645935    
   926.302917       64.8156509    
   926.406860       64.7667007    
   926.510803       64.7177429    
   926.614746       64.6687775    
   926.718689       64.6198044    
   926.822632       64.5708237    
   926.926575       64.5218353    
   927.030518       64.4728394    
   927.134460       64.4238358    
   927.238403       64.3748245    
   927.342346       64.3258057    
   927.446289       64.2767792    
   927.550232       64.2277451    
   927.654175       64.1787033    
   927.758118       64.1296539    
   927.862061       64.0805969    
   927.966003       64.0315323    
   928.069946       63.9824562    
   928.173889       63.9333687    
   928.277832       63.8842697    
   928.381775       63.8351593    
   928.485718       63.7860374    
   928.589661       63.7369041    
   928.693604       63.6877594    
   928.797546       63.6386032    
   928.901489       63.5894356    
   929.005432       63.5402565    
   929.109375       63.4910660    
   929.213318       63.4418640    
   929.317261       63.3926506    
   929.421204       63.3434258    
   929.525146       63.2941895    
   929.629089       63.2449417    
   929.733032       63.1956825    
   929.836975       63.1464119    
   929.940918       63.0971298    
   930.044861       63.0478363    
   930.148804       62.9985313    
   930.252747       62.9492149    
   930.356689       62.8998871    
   930.460632       62.8505478    
   930.564575       62.8011971    
   930.668518       62.7518349    
   930.772461       62.7024612    
   930.876404       62.6530762    
   930.980347       62.6036797    
   931.084290       62.5542717    
   931.188232       62.5048523    
   931.292175       62.4554214    
   931.396118       62.4059792    
   931.500061       62.3565254    
   931.604004       62.3070602    
   931.707947       62.2575836    
   931.811890       62.2080956    
   931.915833       62.1585960    
   932.019775       62.1090851    
   932.123718       62.0595627    
   932.227661       62.0100288    
   932.331604       61.9604836    
   932.435547       61.9109268    
   932.539490       61.8613586    
   932.643433       61.8117790    
   932.747375       61.7621880    
   932.851318       61.7125854    
   932.955261       61.6629715    
   933.059204       61.6133461    
   933.163147       61.5637093    
   933.267090       61.5140610    
   933.371033       61.4644012    
   933.474976       61.4147301    
   933.578918       61.3650475    
   933.682861       61.3153534    
   933.786804       61.2656479    
   933.890747       61.2159309    
   933.994690       61.1662025    
   934.098633       61.1164627    
   934.202576       61.0667114    
   934.306519       61.0169487    
   934.410461       60.9671745    
   934.514404       60.9173889    
   934.618347       60.8675919    
   934.722290       60.8177834    
   934.826233       60.7679634    
   934.930176       60.7181320    
   935.034119       60.6682892    
   935.138062       60.6184349    
   935.242004       60.5685692    
   935.345947       60.5186920    
   935.449890       60.4688034    
   935.553833       60.4189034    
   935.657776       60.3689919    
   935.761719       60.3190689    
   935.865662       60.2691345    
   935.969604       60.2191887    
   936.073547       60.1692314    
   936.177490       60.1192627    
   936.281433       60.0692825    
   936.385376       60.0192909    
   936.489319       59.9692879    
   936.593262       59.9192734    
   936.697205       59.8692474    
   936.801147       59.8192101    
   936.905090       59.7691612    
   937.009033       59.7191010    
   937.112976       59.6690292    
   937.216919       59.6189461    
   937.320862       59.5688515    
   937.424805       59.5187454    
   937.528748       59.4686279    
   937.632690       59.4184990    
   937.736633       59.3683586    
   937.840576       59.3182068    
   937.944519       59.2680435    
   938.048462       59.2178688    
   938.152405       59.1676826    
   938.256348       59.1174850    
   938.360291       59.0672760    
   938.464233       59.0170555    
   938.568176       58.9668236    
   938.672119       58.9165802    
   938.776062       58.8663254    
   938.880005       58.8160591    
   938.983948       58.7657814    
   939.087891       58.7154922    
   939.191833       58.6651917    
   939.295776       58.6148796    
   939.399719       58.5645561    
   939.503662       58.5142212    
   939.607605       58.4638748    
   939.711548       58.4135170    
   939.815491       58.3631477    
   939.919434       58.3127670    
   940.023376       58.2623749    
   940.127319       58.2119713    
   940.231262       58.1615562    
   940.335205       58.1111298    
   940.439148       58.0606918    
   940.543091       58.0102425    
   940.647034       57.9597816    
   940.750977       57.9093094    
   940.854919       57.8588257    
   940.958862       57.8083305    
   941.062805       57.7578239    
   941.166748       57.7073059    
   941.270691       57.6567764    
   941.374634       57.6062355    
   941.478577       57.5556831    
   941.582520       57.5051193    
   941.686462       57.4545441    
   941.790405       57.4039574    
   941.894348       57.3533592    
   941.998291       57.3027496    
   942.102234       57.2521286    
   942.206177       57.2014961    
   942.310120       57.1508522    
   942.414062       57.1001968    
   942.518005       57.0495300    
   942.621948       56.9988518    
   942.725891       56.9481621    
   942.829834       56.8974609    
   942.933777       56.8467484    
   943.037720       56.7960243    
   943.141663       56.7452888    
   943.245605       56.6945419    
   943.349548       56.6437836    
   943.453491       56.5930138    
   943.557434       56.5422325    
   943.661377       56.4914398    
   943.765320       56.4406357    
   943.869263       56.3898201    
   943.973206       56.3389931    
   944.077148       56.2881546    
   944.181091       56.2373047    
   944.285034       56.1864433    
   944.388977       56.1355705    
   944.492920       56.0846863    
   944.596863       56.0337906    
   944.700806       55.9828835    
   944.804749       55.9319649    
   944.908691       55.8810349    
   945.012634       55.8300934    
   945.116577       55.7791405    
   945.220520       55.7281761    
   945.324463       55.6772003    
   945.428406       55.6262131    
   945.532349       55.5752144    
   945.636292       55.5242043    
   945.740234       55.4731827    
   945.844177       55.4221497    
   945.948120       55.3711052    
   946.052063       55.3200493    
   946.156006       55.2689819    
   946.259949       55.2179031    
   946.363892       55.1668129    
   946.467834       55.1157112    
   946.571777       55.0645981    
   946.675720       55.0134735    
   946.779663       54.9623375    
   946.883606       54.9111900    
   946.987549       54.8600311    
   947.091492       54.8088608    
   947.195435       54.7576790    
   947.299377       54.7064857    
   947.403320       54.6552811    
   947.507263       54.6040649    
   947.611206       54.5528374    
   947.715149       54.5015984    
   947.819092       54.4503479    
   947.923035       54.3990860    
   948.026978       54.3478127    
   948.130920       54.2965279    
   948.234863       54.2452316    
   948.338806       54.1939240    
   948.442749       54.1426048    
   948.546692       54.0912743    
   948.650635       54.0399323    
   948.754578       53.9885788    
   948.858521       53.9372139    
   948.962463       53.8858376    
   949.066406       53.8344498    
   949.170349       53.7830505    
   949.274292       53.7316399    
   949.378235       53.6802177    
   949.482178       53.6287842    
   949.586121       53.5773392    
   949.690063       53.5258827    
   949.794006       53.4744148    
   949.897949       53.4229355    
   950.001892       53.3714447    
   950.105835       53.3199425    
   950.209778       53.2684288    
   950.313721       53.2169037    
   950.417664       53.1653671    
   950.521606       53.1138191    
   950.625549       53.0622597    
   950.729492       53.0106888    
   950.833435       52.9591064    
   950.937378       52.9075127    
   951.041321       52.8559074    
   951.145264       52.8042908    
   951.249207       52.7526627    
   951.353149       52.7010231    
   951.457092       52.6493721    
   951.561035       52.5977097    
   951.664978       52.5460358    
   951.768921       52.4943504    
   951.872864       52.4426537    
   951.976807       52.3909454    
   952.080750       52.3392258    
   952.184692       52.2874947    
   952.288635       52.2357521    
   952.392578       52.1839981    
   952.496521       52.1322327    
   952.600464       52.0804558    
   952.704407       52.0286674    
   952.808350       51.9768677    
   952.912292       51.9250565    
   953.016235       51.8732338    
   953.120178       51.8213997    
   953.224121       51.7695541    
   953.328064       51.7176971    
   953.432007       51.6658287    
   953.535950       51.6139488    
   953.639893       51.5620575    
   953.743835       51.5101547    
   953.847778       51.4582405    
   953.951721       51.4063148    
   954.055664       51.3543777    
   954.159607       51.3024292    
   954.263550       51.2504692    
   954.367493       51.1984978    
   954.471436       51.1465149    
   954.575378       51.0945206    
   954.679321       51.0425148    
   954.783264       50.9904976    
   954.887207       50.9384689    
   954.991150       50.8864288    
   955.095093       50.8343773    
   955.199036       50.7823143    
   955.302979       50.7302399    
   955.406921       50.6781540    
   955.510864       50.6260567    
   955.614807       50.5739479    
   955.718750       50.5218277    
   955.822693       50.4696960    
   955.926636       50.4175529    
   956.030579       50.3653984    
   956.134521       50.3132324    
   956.238464       50.2610550    
   956.342407       50.2088661    
   956.446350       50.1566658    
   956.550293       50.1044540    
   956.654236       50.0522308    
   956.758179       49.9999962    
   956.862122       49.9477501    
   956.966064       49.8954926    
   957.070007       49.8432236    
   957.173950       49.7909431    
   957.277893       49.7386513    
   957.381836       49.6863480    
   957.485779       49.6340332    
   957.589722       49.5817070    
   957.693665       49.5293694    
   957.797607       49.4770203    
   957.901550       49.4246597    
   958.005493       49.3722878    
   958.109436       49.3199043    
   958.213379       49.2675095    
   958.317322       49.2151031    
   958.421265       49.1626854    
   958.525208       49.1102562    
   958.629150       49.0578156    
   958.733093       49.0053635    
   958.837036       48.9528999    
   958.940979       48.9004250    
   959.044922       48.8479385    
   959.148865       48.7954407    
   959.252808       48.7429314    
   959.356750       48.6904106    
   959.460693       48.6378784    
   959.564636       48.5853348    
   959.668579       48.5327797    
   959.772522       48.4802132    
   959.876465       48.4276352    
   959.980408       48.3750458    
   960.084351       48.3224449    
   960.188293       48.2698326    
   960.292236       48.2172089    
   960.396179       48.1645737    
   960.500122       48.1119270    
   960.604065       48.0592690    
   960.708008       48.0065994    
   960.811951       47.9539185    
   960.915894       47.9012260    
   961.019836       47.8485222    
   961.123779       47.7958069    
   961.227722       47.7430801    
   961.331665       47.6903419    
   961.435608       47.6375923    
   961.539551       47.5848312    
   961.643494       47.5320587    
   961.747437       47.4792747    
   961.851379       47.4264793    
   961.955322       47.3736725    
   962.059265       47.3208542    
   962.163208       47.2680244    
   962.267151       47.2151833    
   962.371094       47.1623306    
   962.475037       47.1094666    
   962.578979       47.0565910    
   962.682922       47.0037041    
   962.786865       46.9508057    
   962.890808       46.8978958    
   962.994751       46.8449745    
   963.098694       46.7920418    
   963.202637       46.7390976    
   963.306580       46.6861420    
   963.410522       46.6331749    
   963.514465       46.5801964    
   963.618408       46.5272064    
   963.722351       46.4742050    
   963.826294       46.4211922    
   963.930237       46.3681679    
   964.034180       46.3151321    
   964.138123       46.2620850    
   964.242065       46.2090263    
   964.346008       46.1559563    
   964.449951       46.1028748    
   964.553894       46.0497818    
   964.657837       45.9966774    
   964.761780       45.9435616    
   964.865723       45.8904343    
   964.969666       45.8372955    
   965.073608       45.7841454    
   965.177551       45.7309837    
   965.281494       45.6778107    
   965.385437       45.6246262    
   965.489380       45.5714302    
   965.593323       45.5182228    
   965.697266       45.4650040    
   965.801208       45.4117737    
   965.905151       45.3585320    
   966.009094       45.3052788    
   966.113037       45.2520142    
   966.216980       45.1987381    
   966.320923       45.1454506    
   966.424866       45.0921516    
   966.528809       45.0388412    
   966.632751       44.9855194    
   966.736694       44.9321861    
   966.840637       44.8788414    
   966.944580       44.8254852    
   967.048523       44.7721176    
   967.152466       44.7187386    
   967.256409       44.6653481    
   967.360352       44.6119461    
   967.464294       44.5585327    
   967.568237       44.5051079    
   967.672180       44.4516716    
   967.776123       44.3982239    
   967.880066       44.3447647    
   967.984009       44.2912941    
   968.087952       44.2378120    
   968.191895       44.1843185    
   968.295837       44.1308136    
   968.399780       44.0772972    
   968.503723       44.0237694    
   968.607666       43.9702301    
   968.711609       43.9166794    
   968.815552       43.8631172    
   968.919495       43.8095436    
   969.023438       43.7559586    
   969.127380       43.7023621    
   969.231323       43.6487541    
   969.335266       43.5951347    
   969.439209       43.5415039    
   969.543152       43.4878616    
   969.647095       43.4342079    
   969.751038       43.3805428    
   969.854980       43.3268661    
   969.958923       43.2731781    
   970.062866       43.2194786    
   970.166809       43.1657677    
   970.270752       43.1120453    
   970.374695       43.0583115    
   970.478638       43.0045662    
   970.582581       42.9508095    
   970.686523       42.8970413    
   970.790466       42.8432617    
   970.894409       42.7894707    
   970.998352       42.7356682    
   971.102295       42.6818542    
   971.206238       42.6280289    
   971.310181       42.5741920    
   971.414124       42.5203438    
   971.518066       42.4664841    
   971.622009       42.4126129    
   971.725952       42.3587303    
   971.829895       42.3048363    
   971.933838       42.2509308    
   972.037781       42.1970139    
   972.141724       42.1430855    
   972.245667       42.0891457    
   972.349609       42.0351944    
   972.453552       41.9812317    
   972.557495       41.9272575    
   972.661438       41.8732719    
   972.765381       41.8192749    
   972.869324       41.7652664    
   972.973267       41.7112465    
   973.077209       41.6572151    
   973.181152       41.6031723    
   973.285095       41.5491180    
   973.389038       41.4950523    
   973.492981       41.4409752    
   973.596924       41.3868866    
   973.700867       41.3327866    
   973.804810       41.2786751    
   973.908752       41.2245522    
   974.012695       41.1704178    
   974.116638       41.1162720    
   974.220581       41.0621147    
   974.324524       41.0079460    
   974.428467       40.9537659    
   974.532410       40.8995743    
   974.636353       40.8453712    
   974.740295       40.7911568    
   974.844238       40.7369308    
   974.948181       40.6826935    
   975.052124       40.6284447    
   975.156067       40.5741844    
   975.260010       40.5199127    
   975.363953       40.4656296    
   975.467896       40.4113350    
   975.571838       40.3570290    
   975.675781       40.3027115    
   975.779724       40.2483826    
   975.883667       40.1940422    
   975.987610       40.1396904    
   976.091553       40.0853271    
   976.195496       40.0309525    
   976.299438       39.9765663    
   976.403381       39.9221687    
   976.507324       39.8677597    
   976.611267       39.8133392    
   976.715210       39.7589073    
   976.819153       39.7044640    
   976.923096       39.6500092    
   977.027039       39.5955429    
   977.130981       39.5410652    
   977.234924       39.4865761    
   977.338867       39.4320755    
   977.442810       39.3775635    
   977.546753       39.3230400    
   977.650696       39.2685051    
   977.754639       39.2139587    
   977.858582       39.1594009    
   977.962524       39.1048317    
   978.066467       39.0502510    
   978.170410       38.9956589    
   978.274353       38.9410553    
   978.378296       38.8864403    
   978.482239       38.8318138    
   978.586182       38.7771759    
   978.690125       38.7225266    
   978.794067       38.6678658    
   978.898010       38.6131935    
   979.001953       38.5585098    
   979.105896       38.5038147    
   979.209839       38.4491081    
   979.313782       38.3943901    
   979.417725       38.3396606    
   979.521667       38.2849197    
   979.625610       38.2301674    
   979.729553       38.1754036    
   979.833496       38.1206284    
   979.937439       38.0658417    
   980.041382       38.0110435    
   980.145325       37.9562340    
   980.249268       37.9014130    
   980.353210       37.8465805    
   980.457153       37.7917366    
   980.561096       37.7368813    
   980.665039       37.6820145    
   980.768982       37.6271362    
   980.872925       37.5722466    
   980.976868       37.5173454    
   981.080811       37.4624329    
   981.184753       37.4075089    
   981.288696       37.3525734    
   981.392639       37.2976265    
   981.496582       37.2426682    
   981.600525       37.1876984    
   981.704468       37.1327171    
   981.808411       37.0777245    
   981.912354       37.0227203    
   982.016296       36.9677048    
   982.120239       36.9126778    
   982.224182       36.8576393    
   982.328125       36.8025894    
   982.432068       36.7475281    
   982.536011       36.6924553    
   982.639954       36.6373711    
   982.743896       36.5822754    
   982.847839       36.5271683    
   982.951782       36.4720497    
   983.055725       36.4169197    
   983.159668       36.3617783    
   983.263611       36.3066254    
   983.367554       36.2514610    
   983.471497       36.1962852    
   983.575439       36.1410980    
   983.679382       36.0858994    
   983.783325       36.0306892    
   983.887268       35.9754677    
   983.991211       35.9202347    
   984.095154       35.8649902    
   984.199097       35.8097343    
   984.303040       35.7544670    
   984.406982       35.6991882    
   984.510925       35.6438980    
   984.614868       35.5885963    
   984.718811       35.5332832    
   984.822754       35.4779587    
   984.926697       35.4226227    
   985.030640       35.3672752    
   985.134583       35.3119164    
   985.238525       35.2565460    
   985.342468       35.2011642    
   985.446411       35.1457710    
   985.550354       35.0903664    
   985.654297       35.0349503    
   985.758240       34.9795227    
   985.862183       34.9240837    
   985.966125       34.8686333    
   986.070068       34.8131714    
   986.174011       34.7576981    
   986.277954       34.7022133    
   986.381897       34.6467171    
   986.485840       34.5912094    
   986.589783       34.5356903    
   986.693726       34.4801598    
   986.797668       34.4246178    
   986.901611       34.3690643    
   987.005554       34.3134995    
   987.109497       34.2579231    
   987.213440       34.2023354    
   987.317383       34.1467361    
   987.421326       34.0911255    
   987.525269       34.0355034    
   987.629211       33.9798698    
   987.733154       33.9242249    
   987.837097       33.8685684    
   987.941040       33.8129005    
   988.044983       33.7572212    
   988.148926       33.7015305    
   988.252869       33.6458282    
   988.356812       33.5901146    
   988.460754       33.5343895    
   988.564697       33.4786530    
   988.668640       33.4229050    
   988.772583       33.3671455    
   988.876526       33.3113747    
   988.980469       33.2555923    
   989.084412       33.1997986    
   989.188354       33.1439934    
   989.292297       33.0881767    
   989.396240       33.0323486    
   989.500183       32.9765091    
   989.604126       32.9206581    
   989.708069       32.8647957    
   989.812012       32.8089218    
   989.915955       32.7530365    
   990.019897       32.6971397    
   990.123840       32.6412315    
   990.227783       32.5853119    
   990.331726       32.5293808    
   990.435669       32.4734383    
   990.539612       32.4174843    
   990.643555       32.3615189    
   990.747498       32.3055420    
   990.851440       32.2495537    
   990.955383       32.1935539    
   991.059326       32.1375427    
   991.163269       32.0815201    
   991.267212       32.0254860    
   991.371155       31.9694424    
   991.475098       31.9133892    
   991.579041       31.8573265    
   991.682983       31.8012543    
   991.786926       31.7451725    
   991.890869       31.6890812    
   991.994812       31.6329803    
   992.098755       31.5768700    
   992.202698       31.5207500    
   992.306641       31.4646206    
   992.410583       31.4084816    
   992.514526       31.3523331    
   992.618469       31.2961750    
   992.722412       31.2400074    
   992.826355       31.1838303    
   992.930298       31.1276436    
   993.034241       31.0714474    
   993.138184       31.0152416    
   993.242126       30.9590263    
   993.346069       30.9028015    
   993.450012       30.8465672    
   993.553955       30.7903233    
   993.657898       30.7340698    
   993.761841       30.6778069    
   993.865784       30.6215343    
   993.969727       30.5652523    
   994.073669       30.5089607    
   994.177612       30.4526596    
   994.281555       30.3963490    
   994.385498       30.3400288    
   994.489441       30.2836990    
   994.593384       30.2273598    
   994.697327       30.1710110    
   994.801270       30.1146526    
   994.905212       30.0582848    
   995.009155       30.0019073    
   995.113098       29.9455204    
   995.217041       29.8891239    
   995.320984       29.8327179    
   995.424927       29.7763023    
   995.528870       29.7198772    
   995.632812       29.6634426    
   995.736755       29.6069984    
   995.840698       29.5505447    
   995.944641       29.4940815    
   996.048584       29.4376087    
   996.152527       29.3811264    
   996.256470       29.3246346    
   996.360413       29.2681332    
   996.464355       29.2116222    
   996.568298       29.1551018    
   996.672241       29.0985718    
   996.776184       29.0420322    
   996.880127       28.9854832    
   996.984070       28.9289246    
   997.088013       28.8723564    
   997.191956       28.8157787    
   997.295898       28.7591915    
   997.399841       28.7025948    
   997.503784       28.6459885    
   997.607727       28.5893726    
   997.711670       28.5327473    
   997.815613       28.4761124    
   997.919556       28.4194679    
   998.023499       28.3628139    
   998.127441       28.3061504    
   998.231384       28.2494774    
   998.335327       28.1927948    
   998.439270       28.1361027    
   998.543213       28.0794010    
   998.647156       28.0226898    
   998.751099       27.9659691    
   998.855042       27.9092388    
   998.958984       27.8524990    
   999.062927       27.7957497    
   999.166870       27.7389908    
   999.270813       27.6822224    
   999.374756       27.6254444    
   999.478699       27.5686569    
   999.582642       27.5118599    
   999.686584       27.4550533    
   999.790527       27.3982372    
   999.894470       27.3414116    
   999.998413       27.2845764    
   1000.10236       27.2277317    
   1000.20630       27.1708775    
   1000.31024       27.1140137    
   1000.41418       27.0571404    
   1000.51813       27.0002575    
   1000.62207       26.9433651    
   1000.72601       26.8864632    
   1000.82996       26.8295517    
   1000.93390       26.7726307    
   1001.03784       26.7157001    
   1001.14178       26.6587601    
   1001.24573       26.6018105    
   1001.34967       26.5448513    
   1001.45361       26.4878826    
   1001.55756       26.4309044    
   1001.66150       26.3739166    
   1001.76544       26.3169193    
   1001.86938       26.2599125    
   1001.97333       26.2028961    
   1002.07727       26.1458702    
   1002.18121       26.0888348    
   1002.28516       26.0317898    
   1002.38910       25.9747353    
   1002.49304       25.9176712    
   1002.59698       25.8605976    
   1002.70093       25.8035145    
   1002.80487       25.7464218    
   1002.90881       25.6893196    
   1003.01276       25.6322079    
   1003.11670       25.5750866    
   1003.22064       25.5179558    
   1003.32458       25.4608154    
   1003.42853       25.4036655    
   1003.53247       25.3465061    
   1003.63641       25.2893372    
   1003.74036       25.2321587    
   1003.84430       25.1749706    
   1003.94824       25.1177731    
   1004.05219       25.0605659    
   1004.15613       25.0033493    
   1004.26007       24.9461231    
   1004.36401       24.8888874    
   1004.46796       24.8316422    
   1004.57190       24.7743874    
   1004.67584       24.7171230    
   1004.77979       24.6598492    
   1004.88373       24.6025658    
   1004.98767       24.5452728    
   1005.09161       24.4879704    
   1005.19556       24.4306583    
   1005.29950       24.3733368    
   1005.40344       24.3160057    
   1005.50739       24.2586651    
   1005.61133       24.2013149    
   1005.71527       24.1439552    
   1005.81921       24.0865860    
   1005.92316       24.0292072    
   1006.02710       23.9718189    
   1006.13104       23.9144211    
   1006.23499       23.8570137    
   1006.33893       23.7995968    
   1006.44287       23.7421703    
   1006.54681       23.6847343    
   1006.65076       23.6272888    
   1006.75470       23.5698338    
   1006.85864       23.5123692    
   1006.96259       23.4548950    
   1007.06653       23.3974113    
   1007.17047       23.3399181    
   1007.27441       23.2824154    
   1007.37836       23.2249031    
   1007.48230       23.1673813    
   1007.58624       23.1098499    
   1007.69019       23.0523090    
   1007.79413       22.9947586    
   1007.89807       22.9371986    
   1008.00201       22.8796291    
   1008.10596       22.8220501    
   1008.20990       22.7644615    
   1008.31384       22.7068634    
   1008.41779       22.6492558    
   1008.52173       22.5916386    
   1008.62567       22.5340118    
   1008.72961       22.4763756    
   1008.83356       22.4187298    
   1008.93750       22.3610744    
   1009.04144       22.3034096    
   1009.14539       22.2457352    
   1009.24933       22.1880512    
   1009.35327       22.1303577    
   1009.45721       22.0726547    
   1009.56116       22.0149422    
   1009.66510       21.9572201    
   1009.76904       21.8994884    
   1009.87299       21.8417473    
   1009.97693       21.7839966    
   1010.08087       21.7262363    
   1010.18481       21.6684666    
   1010.28876       21.6106873    
   1010.39270       21.5528984    
   1010.49664       21.4951000    
   1010.60059       21.4372921    
   1010.70453       21.3794746    
   1010.80847       21.3216476    
   1010.91241       21.2638111    
   1011.01636       21.2059650    
   1011.12030       21.1481094    
   1011.22424       21.0902443    
   1011.32819       21.0323696    
   1011.43213       20.9744854    
   1011.53607       20.9165916    
   1011.64001       20.8586884    
   1011.74396       20.8007755    
   1011.84790       20.7428532    
   1011.95184       20.6849213    
   1012.05579       20.6269798    
   1012.15973       20.5690289    
   1012.26367       20.5110683    
   1012.36761       20.4530983    
   1012.47156       20.3951187    
   1012.57550       20.3371296    
   1012.67944       20.2791309    
   1012.78339       20.2211227    
   1012.88733       20.1631050    
   1012.99127       20.1050777    
   1013.09521       20.0470409    
   1013.19916       19.9889946    
   1013.30310       19.9309387    
   1013.40704       19.8728733    
   1013.51099       19.8147984    
   1013.61493       19.7567139    
   1013.71887       19.6986198    
   1013.82281       19.6405163    
   1013.92676       19.5824032    
   1014.03070       19.5242805    
   1014.13464       19.4661484    
   1014.23859       19.4080067    
   1014.34253       19.3498554    
   1014.44647       19.2916946    
   1014.55042       19.2335243    
   1014.65436       19.1753445    
   1014.75830       19.1171551    
   1014.86224       19.0589561    
   1014.96619       19.0007477    
   1015.07013       18.9425297    
   1015.17407       18.8843021    
   1015.27802       18.8260651    
   1015.38196       18.7678185    
   1015.48590       18.7095623    
   1015.58984       18.6512966    
   1015.69379       18.5930214    
   1015.79773       18.5347366    
   1015.90167       18.4764423    
   1016.00562       18.4181385    
   1016.10956       18.3598251    
   1016.21350       18.3015022    
   1016.31744       18.2431698    
   1016.42139       18.1848278    
   1016.52533       18.1264763    
   1016.62927       18.0681152    
   1016.73322       18.0097446    
   1016.83716       17.9513645    
   1016.94110       17.8929749    
   1017.04504       17.8345757    
   1017.14899       17.7761669    
   1017.25293       17.7177486    
   1017.35687       17.6593208    
   1017.46082       17.6008835    
   1017.56476       17.5424366    
   1017.66870       17.4839802    
   1017.77264       17.4255142    
   1017.87659       17.3670387    
   1017.98053       17.3085537    
   1018.08447       17.2500591    
   1018.18842       17.1915550    
   1018.29236       17.1330414    
   1018.39630       17.0745182    
   1018.50024       17.0159855    
   1018.60419       16.9574432    
   1018.70813       16.8988914    
   1018.81207       16.8403301    
   1018.91602       16.7817593    
   1019.01996       16.7231789    
   1019.12390       16.6645889    
   1019.22784       16.6059895    
   1019.33179       16.5473804    
   1019.43573       16.4887619    
   1019.53967       16.4301338    
   1019.64362       16.3714962    
   1019.74756       16.3128490    
   1019.85150       16.2541924    
   1019.95544       16.1955261    
   1020.05939       16.1368504    
   1020.16333       16.0781651    
   1020.26727       16.0194702    
   1020.37122       15.9607658    
   1020.47516       15.9020519    
   1020.57910       15.8433285    
   1020.68304       15.7845955    
   1020.78699       15.7258530    
   1020.89093       15.6671009    
   1020.99487       15.6083393    
   1021.09882       15.5495682    
   1021.20276       15.4907875    
   1021.30670       15.4319973    
   1021.41064       15.3731976    
   1021.51459       15.3143883    
   1021.61853       15.2555695    
   1021.72247       15.1967411    
   1021.82642       15.1379032    
   1021.93036       15.0790558    
   1022.03430       15.0201988    
   1022.13824       14.9613323    
   1022.24219       14.9024563    
   1022.34613       14.8435707    
   1022.45007       14.7846756    
   1022.55402       14.7257710    
   1022.65796       14.6668568    
   1022.76190       14.6079330    
   1022.86584       14.5489998    
   1022.96979       14.4900570    
   1023.07373       14.4311047    
   1023.17767       14.3721428    
   1023.28162       14.3131714    
   1023.38556       14.2541904    
   1023.48950       14.1952000    
   1023.59344       14.1362000    
   1023.69739       14.0771904    
   1023.80133       14.0181713    
   1023.90527       13.9591427    
   1024.00928       13.9001045    
   1024.11328       13.8410568    
   1024.21729       13.7819996    
   1024.32129       13.7229328    
   1024.42529       13.6638565    
   1024.52930       13.6047707    
   1024.63330       13.5456753    
   1024.73730       13.4865704    
   1024.84131       13.4274559    
   1024.94531       13.3683319    
   1025.04932       13.3091984    
   1025.15332       13.2500553    
   1025.25732       13.1909027    
   1025.36133       13.1317406    
   1025.46533       13.0725689    
   1025.56934       13.0133877    
   1025.67334       12.9541969    
   1025.77734       12.8949966    
   1025.88135       12.8357868    
   1025.98535       12.7765675    
   1026.08936       12.7173386    
   1026.19336       12.6581001    
   1026.29736       12.5988522    
   1026.40137       12.5395947    
   1026.50537       12.4803276    
   1026.60938       12.4210510    
   1026.71338       12.3617649    
   1026.81738       12.3024693    
   1026.92139       12.2431641    
   1027.02539       12.1838493    
   1027.12939       12.1245251    
   1027.23340       12.0651913    
   1027.33740       12.0058479    
   1027.44141       11.9464951    
   1027.54541       11.8871326    
   1027.64941       11.8277607    
   1027.75342       11.7683792    
   1027.85742       11.7089882    
   1027.96143       11.6495876    
   1028.06543       11.5901775    
   1028.16943       11.5307579    
   1028.27344       11.4713287    
   1028.37744       11.4118900    
   1028.48145       11.3524418    
   1028.58545       11.2929840    
   1028.68945       11.2335167    
   1028.79346       11.1740398    
   1028.89746       11.1145535    
   1029.00146       11.0550575    
   1029.10547       10.9955521    
   1029.20947       10.9360371    
   1029.31348       10.8765125    
   1029.41748       10.8169785    
   1029.52148       10.7574348    
   1029.62549       10.6978817    
   1029.72949       10.6383190    
   1029.83350       10.5787468    
   1029.93750       10.5191650    
   1030.04150       10.4595737    
   1030.14551       10.3999729    
   1030.24951       10.3403625    
   1030.35352       10.2807426    
   1030.45752       10.2211132    
   1030.56152       10.1614742    
   1030.66553       10.1018257    
   1030.76953       10.0421677    
   1030.87354       9.98250008    
   1030.97754       9.92282295    
   1031.08154       9.86313629    
   1031.18555       9.80344009    
   1031.28955       9.74373436    
   1031.39355       9.68401909    
   1031.49756       9.62429428    
   1031.60156       9.56455994    
   1031.70557       9.50481606    
   1031.80957       9.44506264    
   1031.91357       9.38529968    
   1032.01758       9.32552719    
   1032.12158       9.26574516    
   1032.22559       9.20595360    
   1032.32959       9.14615250    
   1032.43359       9.08634186    
   1032.53760       9.02652168    
   1032.64160       8.96669197    
   1032.74561       8.90685272    
   1032.84961       8.84700394    
   1032.95361       8.78714561    
   1033.05762       8.72727776    
   1033.16162       8.66740036    
   1033.26562       8.60751343    
   1033.36963       8.54761696    
   1033.47363       8.48771095    
   1033.57764       8.42779541    
   1033.68164       8.36787033    
   1033.78564       8.30793571    
   1033.88965       8.24799156    
   1033.99365       8.18803787    
   1034.09766       8.12807465    
   1034.20166       8.06810188    
   1034.30566       8.00811958    
   1034.40967       7.94812727    
   1034.51367       7.88812494    
   1034.61768       7.82811260    
   1034.72168       7.76809025    
   1034.82568       7.70805788    
   1034.92969       7.64801550    
   1035.03369       7.58796310    
   1035.13770       7.52790070    
   1035.24170       7.46782827    
   1035.34570       7.40774584    
   1035.44971       7.34765339    
   1035.55371       7.28755093    
   1035.65771       7.22743845    
   1035.76172       7.16731596    
   1035.86572       7.10718346    
   1035.96973       7.04704094    
   1036.07373       6.98688841    
   1036.17773       6.92672586    
   1036.28174       6.86655331    
   1036.38574       6.80637074    
   1036.48975       6.74617815    
   1036.59375       6.68597555    
   1036.69775       6.62576294    
   1036.80176       6.56554031    
   1036.90576       6.50530767    
   1037.00977       6.44506502    
   1037.11377       6.38481236    
   1037.21777       6.32454967    
   1037.32178       6.26427698    
   1037.42578       6.20399427    
   1037.52979       6.14370155    
   1037.63379       6.08339882    
   1037.73779       6.02308607    
   1037.84180       5.96276331    
   1037.94580       5.90243053    
   1038.04980       5.84208775    
   1038.15381       5.78173494    
   1038.25781       5.72137213    
   1038.36182       5.66099930    
   1038.46582       5.60061646    
   1038.56982       5.54022360    
   1038.67383       5.47982073    
   1038.77783       5.41940784    
   1038.88184       5.35898495    
   1038.98584       5.29855204    
   1039.08984       5.23810911    
   1039.19385       5.17765617    
   1039.29785       5.11719322    
   1039.40186       5.05672026    
   1039.50586       4.99623728    
   1039.60986       4.93574429    
   1039.71387       4.87524128    
   1039.81787       4.81472826    
   1039.92188       4.75420523    
   1040.02588       4.69367218    
   1040.12988       4.63312912    
   1040.23389       4.57257605    
   1040.33789       4.51201296    
   1040.44189       4.45143986    
   1040.54590       4.39085674    
   1040.64990       4.33026361    
   1040.75391       4.26966047    
   1040.85791       4.20904732    
   1040.96191       4.14842415    
   1041.06592       4.08779097    
   1041.16992       4.02714777    
   1041.27393       3.96649480    
   1041.37793       3.90583205    
   1041.48193       3.84515953    
   1041.58594       3.78447723    
   1041.68994       3.72378516    
   1041.79395       3.66308331    
   1041.89795       3.60237169    
   1042.00195       3.54165030    
   1042.10596       3.48091912    
   1042.20996       3.42017817    
   1042.31396       3.35942745    
   1042.41797       3.29866695    
   1042.52197       3.23789668    
   1042.62598       3.17711663    
   1042.72998       3.11632681    
   1042.83398       3.05552721    
   1042.93799       2.99471784    
   1043.04199       2.93389869    
   1043.14600       2.87306976    
   1043.25000       2.81223106    
   1043.35400       2.75138259    
   1043.45801       2.69052434    
   1043.56201       2.62965631    
   1043.66602       2.56877851    
   1043.77002       2.50789094    
   1043.87402       2.44699359    
   1043.97803       2.38608646    
   1044.08203       2.32516956    
   1044.18604       2.26424289    
   1044.29004       2.20330644    
   1044.39404       2.14236021    
   1044.49805       2.08140421    
   1044.60205       2.02043843    
   1044.70605       1.95946288    
   1044.81006       1.89847755    
   1044.91406       1.83748245    
   1045.01807       1.77647758    
   1045.12207       1.71546292    
   1045.22607       1.65443850    
   1045.33008       1.59340429    
   1045.43408       1.53236032    
   1045.53809       1.47130656    
   1045.64209       1.41024303    
   1045.74609       1.34916973    
   1045.85010       1.28808665    
   1045.95410       1.22699380    
   1046.05811       1.16589117    
   1046.16211       1.10477877    
   1046.26611       1.04365659    
   1046.37012      0.982524574    
   1046.47412      0.921382725    
   1046.57812      0.860231042    
   1046.68213      0.799069524    
   1046.78613      0.737898171    
   1046.89014      0.676716983    
   1046.99414      0.615525961    
   1047.09814      0.554325104    
   1047.20215      0.493114442    
   1047.30615      0.431893975    
   1047.41016      0.370663702    
   1047.51416      0.309423625    
   1047.61816      0.248173743    
   1047.72217      0.186914057    
   1047.82617      0.125644565    
   1047.93018       6.43652603E-02
   1048.03418       3.07614589E-03
